0,1,2,3,4,5,6,7,8,9,10,11,12,13,14,15,16,17,18,19,20,21,22
1,Gonzaga,WCC,29,26–3,121.3,88.5,0.974,59.4,43.2,15.9,17,29,23,29.7,22.2,60.9,41.6,37.9,30.7,73.8,7,2022
,"   1 seed, ✅",,,13–1,2,7,1,2,1,38,261,147,21,193,16,2,1,17,37,4,8,2022
2,Houston,Amer,34,29–5,117.2,88.9,0.9599,53.6,43.5,17.1,21.7,37.8,27.3,28.7,35.1,55.1,43.5,34.1,29,65,6.3,2022
,"   5 seed, ✅",,,15–3,9,8,2,33,2,87,28,2,139,228,289,21,8,146,10,330,12,2022
3,Kansas,B12,34,28–6,120,93.2,0.9479,54.1,46.9,17.8,18.4,33.4,28.9,32.8,27.8,54.5,47.9,35.5,30.1,70.1,10.1,2022
,"   1 seed, ✅",,,14–4,4,28,3,27,41,128,165,35,213,98,104,29,104,75,24,69,1,2022
4,Baylor,B12,32,26–6,117.1,91,0.9478,52.9,47.8,18.2,22.9,36.3,28.4,28.5,26.9,53.5,49.5,34.6,29.9,68.6,8.6,2022
,"   1 seed, ✅",,,14–4,10,14,4,51,78,158,15,7,192,234,88,45,164,109,21,142,3,2022
5,Arizona,P12,34,31–3,118.2,92.3,0.9446,55.9,44.4,18,17.7,34.5,28.3,35.1,22.8,57.5,41.9,35.4,32.7,73.4,9.1,2022
,"   1 seed, ✅",,,18–2,7,22,5,10,9,136,217,17,186,57,20,5,3,76,121,7,2,2022
6,Texas Tech,B12,34,25–9,108.5,85.7,0.938,52.4,45.5,20.3,23.6,33.3,26.1,36.1,32.1,55.1,44.3,31.4,31.3,67.4,6.2,2022
,"   3 seed, ✅",,,12–6,63,1,6,71,19,293,10,38,84,44,232,21,13,281,61,213,13,2022
7,Kentucky,SEC,33,26–7,118.9,93.9,0.9379,53.3,46.5,16.6,17.4,37.8,24.9,27.2,25.1,53.7,47.2,34.9,30.3,68.7,6.9,2022
,"   2 seed, ✅",,,14–4,6,33,7,43,35,58,230,2,58,268,52,43,73,96,29,132,9,2022
8,Tennessee,SEC,33,26–7,110.1,86.9,0.9377,50.3,46.2,18,22.9,32.8,27.4,29.6,31.6,48,45.8,35.8,31.2,68.2,8.1,2022
,"   3 seed, ✅",,,14–4,39,3,8,155,28,136,15,44,143,199,219,241,32,62,51,170,4,2022
9,Duke,ACC,34,28–6,119.5,94.7,0.9359,55.6,47,14.9,16.1,31.9,28.5,28.6,18.9,55.8,46.9,36.8,31.4,68.7,6.5,2022
,"   2 seed, ✅",,,16–4,5,40,9,13,46,15,300,58,199,232,2,14,58,34,63,132,11,2022
10,UCLA,P12,32,25–7,115.4,91.5,0.935,50.6,47.7,13.4,19.7,31.9,24.8,29.8,29.2,49.6,47.3,35.2,32.2,66.8,5.4,2022
,"   4 seed, ✅",,,15–5,15,16,10,141,69,5,92,58,52,188,152,183,76,84,91,248,15,2022
11,Villanova,BE,33,26–7,117.2,93,0.9346,52,47.5,15.5,18.8,30.9,28,30.5,25.1,50.3,48.2,35.9,31,63.6,7.5,2022
,"   2 seed, ✅",,,16–4,8,26,11,84,61,28,146,81,171,164,52,153,117,55,42,345,6,2022
12,Auburn,SEC,32,27–5,112.7,89.5,0.9345,50.3,44.1,16.7,20.7,33.2,29.3,31.6,34.8,51.9,42.6,32,31.2,71,7.7,2022
,"   2 seed, ✅",,,15–3,22,10,12,155,6,61,51,40,228,131,287,90,4,258,51,44,5,2022
13,Purdue,B10,34,27–7,122.6,97.4,0.934,57,49.6,17.3,14.1,35.2,23.6,36.3,21.4,55.9,49.2,39.1,33.5,66.8,7.3,2022
,"   3 seed, ✅",,,14–6,1,81,13,4,156,99,346,13,31,40,9,12,156,4,169,248,7,2022
14,Iowa,B10,35,26–9,121.1,97.4,0.9247,53.6,49.8,12.9,19.3,32.2,30.2,30.4,26.2,52.6,50,36.8,32.9,70.8,5,2022
,"   5 seed, ✅",,,12–8,3,82,14,33,171,3,115,55,262,169,70,65,182,34,132,49,16,2022
15,Texas,B12,32,21–11,111.1,90.6,0.912,50.1,46.5,18.2,23.3,31.9,30,32.3,36.8,50.9,46.1,32.3,31.6,64.1,3,2022
,"   6 seed, ✅",,,10–8,31,13,15,169,35,158,13,58,252,112,315,126,36,240,69,342,28,2022
16,Illinois,B10,31,22–9,113.8,93,0.9105,53.1,46.3,17.7,15.6,33.4,25.8,31.7,28.4,51.7,45.5,36.7,32.2,68.1,4.6,2022
,"   4 seed, ✅",,,15–5,20,24,16,47,29,121,324,35,72,129,125,98,28,40,91,177,19,2022
17,Saint Mary's,WCC,31,24–7,108.3,89.8,0.8955,52.6,48.3,17.1,19.5,27.3,21.9,23.2,24.4,52.6,47,35.1,34.4,64.7,4.5,2022
,"   5 seed, ✅",,,12–3,66,11,17,63,99,87,104,197,4,340,41,65,64,86,225,336,20,2022
18,LSU,SEC,33,22–11,105.7,88,0.8915,49.5,45.1,20.4,25.3,33.7,31.2,33,38.4,50.5,47.7,31.9,28,69.8,2.4,2022
,"   6 seed, ✅",,,9–9,101,5,18,200,15,298,2,27,300,93,332,142,92,264,4,86,32,2022
19,Indiana,B10,33,20–13,107.9,90.3,0.8857,51.3,45.6,17.3,17.4,26.9,25,33.5,30.6,51.4,43.4,33.9,32.6,68.1,0.5,2022
,"   12 seed, ✅",,,9–11,72,12,19,111,23,99,230,214,63,80,189,111,7,165,114,177,55,2022
20,San Francisco,WCC,32,23–9,109.8,91.9,0.8851,53.1,46.9,18.1,18.5,30.3,23.8,28.4,32.2,53.9,48.4,34.7,28.9,69.8,2.1,2022
,"   10 seed, ✅",,,10–6,41,18,20,47,41,147,157,105,33,237,233,39,128,104,9,86,36,2022
21,Virginia Tech,ACC,35,23–12,113.9,95.6,0.8824,55.2,48.7,17,18.8,28.1,26.1,23.7,25.2,52.5,49.4,39.3,31.7,64,0.8,2022
,"   11 seed, ✅",,,11–9,18,51,21,18,116,78,146,171,84,334,55,68,161,3,73,344,48,2022
22,Connecticut,BE,32,23–9,112.7,94.7,0.8798,49.6,45.7,17.4,18,38,27.5,30.6,31.9,47.8,42.8,35.3,34.5,66.2,3.3,2022
,"   5 seed, ✅",,,13–6,23,42,22,194,24,109,196,1,148,161,227,250,5,79,232,278,26,2022
23,Arkansas,SEC,33,25–8,109.4,92.1,0.8793,49.2,47.5,17.4,20.6,30.9,25.8,37.9,32.3,50.9,46.4,30.7,32.8,71.7,4.6,2022
,"   4 seed, ✅",,,13–5,51,19,23,216,61,109,56,81,72,23,236,126,47,308,129,27,18,2022
24,Memphis,Amer,31,21–10,110.3,93,0.8767,52.6,46.5,22.9,20.9,37.5,31,38.4,32.9,52,45.3,35.9,32.1,71.5,1.6,2022
,"   9 seed, ✅",,,13–5,37,25,24,63,35,352,44,5,288,16,250,86,23,55,86,31,43,2022
25,Alabama,SEC,32,19–13,115.9,98,0.8729,51.5,49.4,19.8,17.7,35.5,30.7,33.6,35.2,56.3,49.3,30.8,33.1,72.7,2.1,2022
,"   6 seed, ✅",,,9–9,12,99,25,105,145,268,217,11,279,77,290,9,159,305,148,12,34,2022
RK,TEAM,CONF,G,REC,ADJOE,ADJDE,BARTHAG,EFG%,EFGD%,TOR,TORD,ORB,DRB,FTR,FTRD,2P%,2P%D,3P%,3P%D,ADJ T.,WAB,2022
26,Michigan,B10,31,17–14,114,96.5,0.8714,52.3,50.3,17.1,15,31.2,23.8,28.9,26.6,53,50.8,34,33,67.2,0.5,2022
,"   11 seed, ✅",,,11–9,17,73,26,76,188,87,334,76,33,220,82,58,221,156,141,224,54,2022
27,San Diego St.,MWC,31,23–8,101.7,86.1,0.8706,48.8,44,19.3,21.7,29.6,27,31.3,30.6,46.6,43.1,35.8,30.4,66.3,3.1,2022
,"   8 seed, ✅",,,13–4,181,2,27,232,5,235,28,127,119,139,189,298,6,62,33,274,27,2022
28,Wisconsin,B10,31,24–7,110.2,93.7,0.8659,48.2,49.4,12.7,16.9,25.8,24,32.3,27.7,48.9,49.9,31.3,32.3,67.5,6.7,2022
,"   3 seed, ✅",,,15–5,38,32,28,259,145,2,265,252,39,112,103,210,177,286,97,207,10,2022
29,Ohio St.,B10,30,19–11,116.4,99.3,0.8616,54.8,47.9,16.7,15.3,28.8,28.6,33.5,29.2,54,46.2,37.3,34,66.2,1.7,2022
,"   7 seed, ✅",,,12–8,11,122,29,22,80,61,329,153,205,80,152,37,39,24,202,278,42,2022
30,Oklahoma,B12,33,18–15,109.3,93.3,0.8607,54.5,49.1,22.3,20.6,25.6,26.3,28.3,26.8,57,50.5,33.9,30.9,66,0.8,2022
,,,,7–11,53,29,30,23,129,348,56,260,97,242,85,6,206,165,39,290,49,2022
31,Boise St.,MWC,33,26–7,107.1,91.6,0.8578,51.1,48.2,18.5,20.1,30.6,21.9,35.2,25.8,51.1,48,34.1,32.4,65.7,4,2022
,"   8 seed, ✅",,,15–3,79,17,31,122,93,184,78,94,4,54,62,117,107,146,102,307,22,2022
32,North Carolina,ACC,33,24–9,112.4,96.4,0.8535,52.1,49.8,16.5,14.1,30.4,20.8,29.6,21.5,50.7,48.3,36.2,34.9,71.3,3.8,2022
,"   8 seed, ✅",,,15–5,25,72,32,80,171,54,346,104,2,199,10,134,122,51,250,35,23,2022
33,Michigan St.,B10,34,22–12,110.7,95.1,0.852,52,47.5,19.2,15.3,30.7,27,30.4,28.3,49.7,47.9,37.8,31.2,68.7,3.3,2022
,"   7 seed, ✅",,,11–9,33,45,33,84,61,228,329,90,119,169,121,179,104,18,51,132,25,2022
34,Loyola Chicago,MVC,31,24–7,109.4,94.1,0.85,56.3,47,18.4,19.9,25.1,23.9,31.9,28.4,55.8,46.9,38,31.5,65.6,2,2022
,"   10 seed, ✅",,,13–5,50,36,34,7,46,178,86,278,37,125,125,14,58,14,66,311,38,2022
35,Wake Forest,ACC,32,23–9,110.7,95.8,0.8403,56.2,47.5,18.8,17.4,27.1,26.2,32,28.7,58.7,46.7,35.2,32.7,71,0.9,2022
,,,,13–7,34,54,35,8,61,207,230,206,94,120,135,4,54,84,121,44,47,2022
36,Oklahoma St.,B12,30,15–15,102.2,88.5,0.8398,48,45.7,21.4,22.8,32.3,31.4,33,31.2,49.8,43.7,29.5,32.4,69,-1.1,2022
,,,,8–10,170,6,36,265,24,328,17,50,304,93,206,176,10,340,102,118,68,2022
37,Murray St.,OVC,29,27–2,109.6,95,0.8393,52.9,48,17.1,21,35.5,25.4,31.1,24.6,53.5,50,34.7,30.1,67,3.6,2022
,"   7 seed, ✅",,,18–0,44,43,37,51,85,87,40,11,67,145,44,45,182,104,24,239,24,2022
38,Iowa St.,B12,32,20–12,102.9,89.2,0.839,49.9,48.4,20.4,24.5,28.2,28.5,28.1,36.2,50.9,50.7,32.1,29.6,67.3,2.5,2022
,"   11 seed, ✅",,,7–11,158,9,38,177,105,298,6,167,199,250,306,126,218,252,18,220,30,2022
39,Washington St.,P12,33,19–14,108,93.7,0.8372,48.5,47.5,16.8,21,33.6,30,29.9,31.1,46.5,46.9,34,32.4,67.2,-3.7,2022
,,,,11–9,70,31,39,249,61,67,40,28,252,184,204,302,58,156,102,224,108,2022
40,Xavier,BE,31,18–13,110.4,95.8,0.837,50.4,48.4,16.5,18.2,29.2,25.8,35.6,25.4,51.4,48,32.5,32.7,69.4,-0.9,2022
,,,,8–11,36,53,40,149,105,54,182,141,72,50,57,111,107,235,121,96,66,2022
41,TCU,B12,32,20–12,106.9,93,0.832,48.9,47.7,21.6,18.4,37.8,26.1,31.2,26.7,50.5,47.9,30.3,31.5,66.9,2.6,2022
,"   9 seed, ✅",,,8–10,82,27,41,229,69,337,165,2,84,143,84,142,104,320,66,241,29,2022
42,Providence,BE,30,25–5,111.5,97,0.8317,50.3,46.7,17.3,15.8,30.5,28,38.5,26.3,49.6,46.6,34.3,31.2,66.5,6,2022
,"   4 seed, ✅",,,14–3,28,78,42,155,39,99,309,99,171,12,75,183,50,129,51,261,14,2022
43,Texas A&M,SEC,34,22–12,108.1,94.2,0.8291,49.8,47.9,19.3,23.9,33.5,33.1,35.4,34.5,49.6,48.3,33.5,31.6,67.6,1.5,2022
,,,,9–9,67,37,43,185,80,235,8,33,339,52,280,183,122,183,69,204,44,2022
44,Colorado St.,MWC,29,24–5,112.9,98.5,0.8281,55.2,49.9,15.1,18.4,21.9,24.9,30.4,25,56.3,50.5,35.7,32.7,66.4,4.8,2022
,"   6 seed, ✅",,,14–4,21,107,44,18,173,21,165,337,58,169,50,9,206,67,121,266,17,2022
45,North Texas,CUSA,28,22–6,104.5,91.1,0.828,51.5,46,18.8,20,31.5,24.8,38.4,32.4,49.9,47.6,35.7,28.2,60.1,0.8,2022
,,,,16–2,125,15,45,105,26,207,83,69,52,16,240,170,88,67,5,358,50,2022
46,Florida,SEC,32,19–13,110.4,96.3,0.828,49.9,49.2,18.5,21.6,31.7,32.5,34.7,30.1,53.2,49.3,30.7,32.7,66.2,-0.7,2022
,,,,9–9,35,70,46,177,134,184,31,63,334,60,176,52,159,308,121,278,62,2022
47,Utah St.,MWC,32,17–15,109.8,95.9,0.8265,54.5,49.4,18.3,18.5,25.7,22.9,28.7,29.3,56.6,48.6,34.2,33.8,67.5,-4.2,2022
,,,,8–10,40,58,47,23,145,170,157,256,19,228,156,8,134,135,188,207,116,2022
48,Seton Hall,BE,30,20–10,106.9,93.3,0.826,47.6,45.4,17.5,18.5,32.7,29.1,30.8,27.8,46.2,44.8,33.3,31,68.6,2.1,2022
,"   8 seed, ✅",,,11–8,85,30,48,280,17,115,157,46,222,157,104,312,17,194,42,142,35,2022
49,Notre Dame,ACC,31,21–10,111.3,97.6,0.8196,54,49.1,15.5,15,22.1,24,27.7,22.9,52,49.9,37.8,31.7,66.6,1.3,2022
,"   11 seed, ✅",,,15–5,29,86,49,29,129,28,334,334,39,260,21,86,177,18,73,258,45,2022
50,USC,P12,33,26–7,109.5,96,0.8189,51.1,44.7,17.7,14.7,33.8,27.2,30.9,26.3,50.1,41.6,35.4,33.7,67.1,4.3,2022
,"   7 seed, ✅",,,14–6,49,63,50,122,10,121,338,21,128,155,75,159,1,76,177,234,21,2022
RK,TEAM,CONF,G,REC,ADJOE,ADJDE,BARTHAG,EFG%,EFGD%,TOR,TORD,ORB,DRB,FTR,FTRD,2P%,2P%D,3P%,3P%D,ADJ T.,WAB,2022
51,Davidson,A10,32,26–6,115.7,101.5,0.8182,55.6,49.4,14.8,16.9,23.6,22.2,32.9,28,54.2,48.4,38.4,33.8,65.7,2.3,2022
,"   10 seed, ✅",,,15–3,13,163,51,13,145,13,265,306,7,97,110,34,128,8,188,307,33,2022
52,SMU,Amer,31,23–8,109.4,96.1,0.8162,52.1,44.8,17.7,17.1,27.8,30.3,35.9,25.3,50.4,44.5,36.3,30.3,69.2,2,2022
,,,,13–4,52,65,52,80,11,121,252,179,265,47,56,150,14,49,29,109,40,2022
53,Dayton,A10,33,23–10,108,95.1,0.8131,53.9,47.3,19.4,17.5,30.8,23.3,31.3,24.1,53.5,46.2,36.5,32.7,64.1,-1.1,2022
,,,,14–4,68,44,53,30,52,245,228,86,23,139,36,45,39,43,121,342,67,2022
54,Mississippi St.,SEC,33,18–15,108.7,95.7,0.8117,49.5,49.6,19.4,19.5,34.4,25.9,38.4,28.1,51.6,50.6,29.5,32.1,66.4,-2.2,2022
,,,,8–10,59,52,54,200,156,245,104,18,77,16,113,102,214,340,86,266,82,2022
55,UAB,CUSA,32,25–7,111.2,98,0.8107,52.9,47.9,16.3,21.4,33.4,27.4,29.5,31.5,50.6,47.5,38.3,32.4,69.9,0.1,2022
,"   12 seed, ✅",,,14–4,30,96,55,51,80,45,33,35,143,207,214,136,84,9,102,79,57,2022
56,Fresno St.,MWC,31,18–13,104.5,92.2,0.8082,50,47.9,18.1,19.4,27.4,22.4,30.7,27.2,50.6,47.1,32.6,32.6,61.8,-3.4,2022
,,,,8–9,124,21,56,172,80,147,109,190,10,159,93,136,70,229,114,356,101,2022
57,VCU,A10,30,21–9,98.6,87.1,0.8072,51,43.8,22.2,25.2,26.7,32.2,30.5,38.2,50.8,45.2,34.3,27.5,69.4,0.6,2022
,,,,14–4,247,4,57,127,4,347,3,222,328,164,330,131,19,129,3,96,53,2022
58,Saint Louis,A10,33,22–11,108.9,96.1,0.807,50.8,47.7,18.7,18.2,33.8,26.9,32.8,32.9,49.1,47.8,36.4,31.7,69,-1.4,2022
,,,,12–6,58,67,58,134,69,199,182,21,116,98,250,203,96,47,73,118,73,2022
59,Creighton,BE,33,22–11,104.2,92.1,0.8038,50.9,44.9,20.5,15.5,28.6,28.4,26,20.3,53.9,43.5,30.7,31.7,67.9,2,2022
,"   9 seed, ✅",,,12–7,131,20,59,129,12,304,326,157,192,296,4,39,8,308,73,192,39,2022
60,Marquette,BE,31,19–12,107.8,95.4,0.8033,52.6,46.7,17.3,19.1,22.4,31.4,26.8,29.7,52.9,46.2,34.7,31.7,72.1,0.6,2022
,"   9 seed, ✅",,,11–8,74,49,60,63,39,99,128,325,304,278,166,60,39,104,73,21,52,2022
61,Syracuse,ACC,33,16–17,115.3,102.2,0.8009,52.5,50.6,15.4,16.7,29.2,32.1,28.3,23.5,49.9,51.6,37.6,33,68.7,-4.3,2022
,,,,9–11,16,181,61,69,202,25,275,141,326,242,28,170,250,20,141,132,117,2022
62,St. John's,BE,32,17–15,109.5,97.1,0.7997,50.8,48.9,15.9,21.3,30.7,31.5,26.1,33.2,51,47.5,33.5,34.1,74.5,-3.3,2022
,,,,8–11,46,79,62,134,123,38,34,90,309,294,254,124,84,183,208,2,98,2022
63,BYU,WCC,30,20–10,108.4,96.1,0.7994,51.2,47.8,18.6,15.2,30.9,22.5,28.1,30.5,50.8,48.9,34.6,30.5,68.8,0.8,2022
,,,,9–6,65,66,63,119,78,193,332,81,13,250,187,131,148,109,35,125,51,2022
64,Miami FL,ACC,33,23–10,113.8,101,0.797,54.2,53.4,14.2,20.3,23.4,30.3,28.9,24.6,54.9,53.9,35.3,35.2,68.5,2.1,2022
,"   10 seed, ✅",,,14–6,19,148,64,25,316,8,70,309,265,220,44,26,324,79,266,149,37,2022
65,West Virginia,B12,33,16–17,107.1,95.4,0.7902,46.8,50.6,18.2,22.5,30,33.6,36.1,34.1,45.7,51.7,32.8,32.4,68.9,-1.4,2022
,,,,4–14,80,50,65,304,202,158,21,113,346,44,268,319,258,226,102,122,72,2022
66,Wyoming,MWC,32,24–8,109.1,97.3,0.7879,52.4,47.2,16.7,15.8,25.6,24.1,37,24.5,54.5,48.3,33,30.3,66.8,2.5,2022
,"   12 seed, ✅",,,13–5,54,80,66,71,50,61,309,260,41,33,43,29,122,213,29,248,31,2022
67,Vanderbilt,SEC,33,17–16,105.3,94,0.7864,50.3,48.1,19.3,21.2,27.2,28.7,39.3,35.2,49.5,50.1,34.1,30,68.6,-2.7,2022
,,,,7–11,107,35,67,155,87,235,35,202,208,8,290,190,191,146,22,142,92,2022
68,Oregon,P12,32,18–14,109.8,98,0.7861,51.2,49.7,17.3,19.4,29.8,30.6,30.1,28.9,51.7,50.3,33.6,32.5,68.7,-2.2,2022
,,,,11–9,42,98,68,119,163,99,109,121,276,182,142,98,201,179,110,132,81,2022
69,Kansas St.,B12,31,14–17,107.7,96.3,0.7829,49.4,49.5,16.9,19.8,25.2,28.3,29.6,32,47.5,52.4,34.6,30.2,67.4,-2.3,2022
,,,,6–12,75,69,69,206,153,70,91,274,186,199,230,262,277,109,27,213,87,2022
70,Vermont,AE,32,27–5,108.5,97.5,0.7749,57.3,47.7,14.9,17.1,24,18.6,26.6,22.6,58.9,45.2,36.8,34.4,65.9,-0.8,2022
,"   13 seed, ✅",,,17–1,62,83,70,3,69,15,252,297,1,283,17,3,19,34,225,297,63,2022
71,Missouri St.,MVC,32,22–10,112.1,100.7,0.7745,54.9,48.4,15.5,15.8,25.7,23.9,28,28.3,55,47.6,36.4,33.1,67.9,-2.3,2022
,,,,13–5,26,142,71,21,105,28,309,256,37,254,121,23,88,47,148,192,85,2022
72,South Dakota St.,Sum,32,28–4,115.4,103.7,0.7733,59.7,51.5,15.3,15.8,24,24.2,35.2,21.3,56.3,50.6,44.2,35.2,70.7,1.8,2022
,"   13 seed, ✅",,,18–0,14,219,72,1,243,24,309,297,46,54,8,9,214,1,266,51,41,2022
73,Santa Clara,WCC,32,21–11,111.7,100.8,0.7666,55.2,48.7,16.1,16.6,23.4,26.4,27.7,21.2,53.8,47,38.8,34.8,71.9,-1.3,2022
,,,,10–5,27,143,73,18,116,41,282,309,105,260,7,42,64,5,245,24,70,2022
74,Virginia,ACC,32,19–13,106.1,96,0.7599,49.7,48.8,16.3,18.3,28.3,29.1,28.1,23.5,50.3,47.7,32.2,33.9,60.3,-1.3,2022
,,,,12–8,96,61,74,188,119,45,172,165,222,250,28,153,92,249,194,357,69,2022
75,Clemson,ACC,33,17–16,109.1,98.7,0.7591,52.4,49.7,16.4,16.9,25.8,24.1,29.8,29.1,51.2,49.4,36.3,33.4,67.3,-4.4,2022
,,,,8–12,55,115,75,71,163,50,265,252,41,188,148,116,161,49,163,220,118,2022
RK,TEAM,CONF,G,REC,ADJOE,ADJDE,BARTHAG,EFG%,EFGD%,TOR,TORD,ORB,DRB,FTR,FTRD,2P%,2P%D,3P%,3P%D,ADJ T.,WAB,2022
76,Furman,SC,33,21–12,112.5,101.9,0.757,55.6,51.5,15.7,19.1,27.4,28.1,23.3,24.6,55,52.5,37.5,33.3,66,-4.6,2022
,,,,12–6,24,175,76,13,243,34,128,190,177,338,44,23,282,23,158,290,124,2022
77,Tulane,Amer,29,14–15,109.5,99.2,0.7563,51.2,49.6,15,20.3,20.1,32.8,33.4,28.5,49,48.3,36.5,34.1,68.8,-5.1,2022
,,,,10–8,48,120,77,119,156,18,70,350,336,85,128,205,122,43,208,125,131,2022
78,Northwestern,B10,30,14–16,106.2,96.6,0.7482,49,50.8,14.1,19.3,25.6,25.1,25.1,34.8,47.2,47.7,34.6,36.8,68.8,-3.6,2022
,,,,7–13,95,74,78,224,212,7,115,260,65,312,287,270,92,109,322,125,106,2022
79,Chattanooga,SC,32,25–7,108.4,98.7,0.7463,52.8,49.6,17,18,32.7,26.3,27,27.3,53.9,52.1,34.1,30.6,65.6,0.3,2022
,"   13 seed, ✅",,,14–4,64,117,79,57,156,78,196,46,97,271,96,39,269,146,36,311,56,2022
80,Towson,CAA,33,25–8,109,99.2,0.7463,52,47.7,18,19.3,36.1,26.5,34.2,31.2,50.8,48.1,35.9,31.4,65.6,-1.7,2022
,,,,15–3,56,121,80,84,69,136,115,8,108,69,206,131,112,55,63,311,77,2022
81,Belmont,OVC,31,24–7,107.5,98,0.7439,55.8,49.4,16.9,21.1,24.7,27.5,26.2,23,61,48.3,32.7,34,70,0,2022
,,,,15–3,76,97,81,12,145,70,37,287,148,292,24,1,122,228,202,72,59,2022
82,Rutgers,B10,31,18–13,104.5,95.3,0.7429,49.5,48.3,17.3,18.2,29.3,27.1,26.9,28.8,49.1,46.5,33.6,34,66.1,-0.3,2022
,"   11 seed, ✅",,,12–8,121,46,82,200,99,99,182,135,123,273,138,203,49,179,202,286,61,2022
83,Wichita St.,Amer,28,15–13,103.3,94.4,0.7394,46.7,47.3,18.7,20.1,32.3,28.3,31.7,30.4,46.7,47.2,31.2,31.6,68,-3.4,2022
,,,,6–9,150,38,83,305,52,199,78,50,186,129,182,293,73,290,69,184,102,2022
84,Maryland,B10,32,15–17,107.9,98.6,0.7376,49.4,50.2,16.8,16.1,27.2,27.6,33.9,24.6,49.7,48.2,32.6,35.5,67.7,-3.5,2022
,,,,7–13,73,110,84,206,183,67,300,202,157,72,44,179,117,229,278,200,103,2022
85,UNLV,MWC,31,17–14,106.9,97.9,0.7339,49.1,48.4,17,17.2,27.1,25.9,30.7,30.8,48.6,48.8,33.2,31.9,67.4,-3.3,2022
,,,,10–8,83,93,85,222,105,78,242,206,77,159,194,222,141,202,79,213,99,2022
86,Colorado,P12,32,21–11,104.5,95.9,0.7288,50.4,47.7,19.8,17.6,30,24.8,35.1,27.3,47.9,47,37,32.6,68.2,0,2022
,,,,12–8,122,59,86,149,69,268,225,113,52,57,96,248,64,30,114,170,58,2022
87,New Mexico St.,WAC,29,23–6,106.2,97.5,0.7286,52.2,45.5,20.7,16.9,33.3,26.2,35.4,27.8,54.1,45.8,33,30,67.3,0.9,2022
,"   12 seed, ✅",,,13–4,94,84,87,79,19,313,265,38,94,52,104,36,32,213,22,220,46,2022
88,Toledo,MAC,32,25–7,109.7,100.9,0.7243,53.5,47,14.9,15.4,30.6,27.4,28.7,23.5,53.4,47.1,35.9,31.2,69.9,-1.4,2022
,,,,17–3,43,146,88,36,46,15,328,94,143,228,28,48,70,55,51,79,71,2022
89,Cincinnati,Amer,32,17–15,104.1,95.8,0.7209,46.9,45,15.2,17.9,30.1,29.6,29.6,34.5,46.7,44.2,31.4,31.2,68.6,-4.5,2022
,,,,7–11,134,57,89,297,14,23,206,109,238,199,280,293,12,281,51,142,122,2022
90,Drake,MVC,32,22–10,107,98.7,0.718,50.6,49.3,15.8,19.7,30.5,25.9,28.4,33.3,51.6,49.2,32.3,33,66.9,-1.7,2022
,,,,13–5,81,114,90,141,139,36,92,99,77,237,257,102,156,240,141,241,75,2022
91,Grand Canyon,WAC,29,21–8,103.8,95.8,0.7163,49.9,43.5,19.2,18.6,34.8,28.4,31,33,48.3,45.1,34.8,26.9,66.5,-2.2,2022
,,,,12–5,141,55,91,177,2,228,155,14,192,151,252,230,18,100,2,261,83,2022
92,Richmond,A10,35,23–12,107.9,99.6,0.7152,51.5,50.5,14.4,18.9,22.4,27.2,30.9,23.5,52.2,50,33.8,34.3,67.8,-1.5,2022
,"   12 seed, ✅",,,10–8,71,130,92,105,198,9,140,325,128,155,28,77,182,172,219,198,74,2022
93,Penn St.,B10,31,14–17,103.8,96,0.7091,50.5,48.3,18.6,13.8,28.6,24.1,21.8,26.2,49.9,45.6,34.2,35.2,62.8,-3.5,2022
,,,,7–13,144,64,93,148,99,193,351,157,41,351,70,170,29,135,266,354,104,2022
94,UCF,Amer,30,18–12,106.3,98.4,0.7083,49.9,48.7,19.1,20.7,30.8,30.8,28.5,29.8,47.9,50,35,31.2,68.4,-1.7,2022
,,,,9–9,92,105,94,177,116,224,51,86,283,234,170,248,182,91,51,157,76,2022
95,Arizona St.,P12,31,14–17,100,92.7,0.7058,47.1,46.3,17.3,19.6,24.9,30.3,21.2,32.3,47.7,46.1,30.7,31.1,68.2,-3.9,2022
,,,,10–10,215,23,95,292,29,99,98,283,265,356,236,254,36,308,47,170,111,2022
96,Mississippi,SEC,32,13–19,105.4,97.7,0.7044,49.6,51.4,18,19.4,26.7,26.6,28.7,28,50,53.1,32.6,32.3,66.3,-6.8,2022
,,,,4–14,106,89,96,194,239,136,109,222,111,228,110,163,302,229,97,274,165,2022
97,Iona,MAAC,32,25–7,106.1,98.4,0.7027,50.7,46.4,17.8,19,31.6,29.4,37.6,34.1,51.1,46.9,33.3,30.3,70.2,-0.8,2022
,,,,17–3,97,106,97,138,33,128,135,67,231,27,268,117,58,194,29,66,64,2022
98,Louisiana Tech,CUSA,31,21–10,105.1,97.7,0.698,51.9,48.2,16.9,19.3,26.1,28.1,31.1,28.1,52.5,47.4,34,33,69.4,-2.3,2022
,,,,12–6,113,90,98,94,93,70,115,244,177,145,113,68,79,156,141,96,84,2022
99,Florida St.,ACC,31,17–14,104.7,97.6,0.6909,49,52.2,18.1,21,31.7,31.1,30.3,30.4,48.7,50,33.1,36.9,68.8,-2.1,2022
,,,,10–10,119,88,99,224,273,147,40,63,295,176,182,217,182,205,324,125,80,2022
100,St. Bonaventure,A10,29,20–9,106.5,99.3,0.6902,50,50.1,15.9,19.3,27.8,27.3,26.9,23,51.1,48.9,31.8,34.3,66.6,-0.3,2022
,,,,12–5,89,126,100,172,180,38,115,179,139,273,24,117,148,270,219,258,60,2022
RK,TEAM,CONF,G,REC,ADJOE,ADJDE,BARTHAG,EFG%,EFGD%,TOR,TORD,ORB,DRB,FTR,FTRD,2P%,2P%D,3P%,3P%D,ADJ T.,WAB,2022
101,Northern Iowa,MVC,29,18–11,108.7,101.4,0.6891,52.6,53.8,16.3,18.3,21.2,21.4,34.3,23.1,53.3,54.4,34.4,35.4,68.3,-2.7,2022
,,,,14–4,61,160,101,63,328,45,172,345,3,67,26,50,330,122,276,166,91,2022
102,Bradley,MVC,30,16–14,102.9,96.3,0.6815,51.1,46.9,19.9,18.2,31.9,23.5,27.3,30.2,51.1,46.1,34.1,32.2,68.3,-6.2,2022
,,,,11–7,160,68,102,122,41,272,182,58,29,267,179,117,36,146,91,166,149,2022
103,Middle Tennessee,CUSA,31,21–10,104.2,97.7,0.6773,50.9,47.7,19.4,20.8,30.3,29.3,32.6,35.9,52.1,48.5,32.9,31,68.6,-3,2022
,,,,13–5,129,92,103,129,69,245,48,105,228,106,302,80,131,221,42,142,94,2022
104,Minnesota,B10,30,13–17,106.3,99.8,0.6745,50.7,51.2,14,15.8,17.7,27.5,23.6,23.3,48,51.6,36.8,33.7,66.1,-4.4,2022
,,,,4–16,91,134,104,138,235,6,309,356,148,337,27,241,250,34,177,286,120,2022
105,DePaul,BE,31,15–16,106.1,99.7,0.6703,48.8,48.8,17.4,16.8,31.7,28.5,33.4,26,49.4,47.8,31.7,33.7,69.7,-4.6,2022
,,,,6–14,98,133,105,232,119,109,273,63,199,85,65,193,96,272,177,90,123,2022
106,South Carolina,SEC,30,17–13,99.6,93.9,0.6629,47.3,47.3,21.4,21.5,33.6,32.1,29.2,41.6,47.4,46.9,31.3,32,71.6,-0.9,2022
,,,,9–9,226,34,106,288,52,328,32,28,326,213,348,265,58,286,82,29,65,2022
107,Hofstra,CAA,30,19–11,109,103.4,0.6475,53.4,54.4,14.7,20.4,23.3,26.9,21.7,26.3,55.6,52.1,33.8,38.3,69.9,-3.6,2022
,,,,13–5,57,210,107,41,337,12,66,312,116,352,75,16,269,172,347,79,105,2022
108,George Mason,A10,30,14–16,105,99.7,0.6445,53,49.6,18,17.2,24.9,23.8,29,29.6,52.4,48.1,35.7,34.4,65.9,-8,2022
,,,,7–9,114,131,108,49,156,136,242,283,33,217,165,72,112,67,225,297,187,2022
109,Liberty,ASun,30,19–11,105.1,100,0.6416,55.5,48.3,18,17.1,22.2,22.8,28.4,31.4,54,46.3,38.1,34.2,66,-6.1,2022
,,,,12–4,111,135,109,16,99,136,252,332,18,237,212,37,43,13,212,290,145,2022
110,Stanford,P12,32,16–16,103.5,98.4,0.6414,49.8,51.4,22.3,16.4,33.8,22.9,29.9,29,49.2,52.9,33.9,32.7,66.9,-2.9,2022
,,,,8–12,147,103,110,185,239,348,292,21,19,184,146,199,295,165,121,241,93,2022
111,Utah Valley,WAC,30,18–12,102,97,0.6408,50.6,45.4,22.1,15.6,32,24.5,38.1,28.3,48.7,46.6,36.8,29,66.7,-5.2,2022
,,,,10–8,175,77,111,141,17,346,324,56,47,20,121,217,50,34,10,254,133,2022
112,Washington,P12,32,17–15,103.1,98,0.6395,46.4,49.9,16.7,22.1,29.3,35.6,34.7,30.1,46.2,49.8,31.2,33.5,70.5,-4.1,2022
,,,,11–9,155,101,112,316,173,61,24,135,355,60,176,312,171,290,169,59,114,2022
113,Utah,P12,31,11–20,106.8,101.6,0.6379,48.4,49.4,18.1,15.2,29.3,29.2,30,28.6,47.3,49.4,33.5,32.9,67.4,-9.3,2022
,,,,4–16,87,166,113,251,145,147,332,135,227,183,132,268,161,183,132,213,212,2022
114,Temple,Amer,29,17–12,101.4,96.8,0.6311,45.4,45.5,18.5,17.2,32.7,29.3,39.7,31.7,44.7,46.3,31.1,29.4,67.2,-2.4,2022
,,,,10–7,187,75,114,337,19,184,242,46,228,6,220,338,43,293,15,224,88,2022
115,Morehead St.,OVC,31,20–11,103.1,98.6,0.6238,52.4,46.5,20.4,17.3,30.7,29.5,29,23.7,51.6,45.3,35.8,32.6,65.6,-3.7,2022
,,,,13–5,154,113,115,71,35,298,236,90,236,217,32,102,23,62,114,311,110,2022
116,Nevada,MWC,30,12–18,105.5,101.1,0.6214,50.6,52.4,18.4,18.3,24.5,26.1,32,29.7,51.3,51.2,33,35.9,71.3,-6.4,2022
,,,,6–12,103,151,116,141,278,178,172,291,84,120,166,113,234,213,292,35,158,2022
117,Nebraska,B10,32,10–22,105.2,100.8,0.6206,50.3,51.5,17.1,18.3,20.6,31.4,33.3,29.4,51.8,51.2,32,34.7,72.4,-8.7,2022
,,,,4–16,109,145,117,155,243,87,172,347,304,90,160,95,234,258,237,18,198,2022
118,Stephen F. Austin,WAC,27,18–9,101.7,97.6,0.6159,51.4,48.8,22.3,24.3,34.7,31.9,36.9,37.5,52.7,50.1,32.3,31.1,69.9,-3.1,2022
,,,,14–4,180,87,118,110,119,348,7,15,321,35,322,63,191,240,47,79,96,2022
119,Abilene Christian,WAC,29,19–10,101.9,97.9,0.6139,47.8,51.3,17.5,28.6,27.8,31.6,38.5,48.8,48.3,51.1,31.4,34.3,71,-4,2022
,,,,11–7,178,95,119,271,238,115,1,179,313,12,358,230,231,281,219,44,112,2022
120,North Carolina St.,ACC,32,11–21,108.7,104.5,0.6119,47.9,53.4,14.5,18.3,30.3,31,29.1,29.4,45.9,53,34,36.1,68.1,-9.7,2022
,,,,4–16,60,234,120,267,316,10,172,105,288,214,160,316,299,156,301,177,226,2022
121,Wofford,SC,30,17–13,105.7,101.6,0.6111,53.9,53.8,17.7,19.7,26.9,22.2,28.2,28.6,55.5,53.3,34.8,36.2,65.2,-6.3,2022
,,,,10–8,102,164,121,30,328,121,92,214,7,247,132,18,307,100,306,323,153,2022
122,Princeton,Ivy,27,21–6,109.5,105.4,0.6099,56.7,50.8,14.5,15.7,24.5,23.4,21.5,21.5,55.9,51.3,38.5,33.3,67.8,-2,2022
,,,,12–2,45,249,122,5,212,10,318,291,26,355,10,12,239,7,158,198,78,2022
123,Louisville,ACC,32,13–19,102.1,98.2,0.6097,48.8,50.3,18,16.3,27.3,24.9,25.1,30,50.5,49.1,30.9,34.9,68.2,-7.4,2022
,,,,6–14,174,102,123,232,188,136,296,197,58,312,173,142,151,302,250,170,175,2022
124,Ohio,MAC,32,23–9,103,99.3,0.6043,50.8,49.7,15.4,20.6,26.9,25.9,30.5,27.9,50.4,51.6,34.1,31,68.4,-3.3,2022
,,,,14–6,156,123,124,134,163,25,56,214,77,164,107,150,250,146,42,157,100,2022
125,Butler,BE,31,12–19,101.2,97.5,0.604,47.1,49.9,18.2,17.1,27.1,27.4,30.2,30.2,48.9,51.9,29.7,31.1,64.7,-5.2,2022
,,,,6–14,191,85,125,292,173,158,252,206,143,178,179,210,264,332,47,336,134,2022
RK,TEAM,CONF,G,REC,ADJOE,ADJDE,BARTHAG,EFG%,EFGD%,TOR,TORD,ORB,DRB,FTR,FTRD,2P%,2P%D,3P%,3P%D,ADJ T.,WAB,2022
126,Southern Illinois,MVC,30,15–15,101.6,98,0.6021,51.5,49.7,18.1,18.7,23.2,23.3,29.1,27.6,50.6,50.2,35.1,32.4,63.1,-7.3,2022
,,,,9–9,183,100,126,105,163,147,150,315,23,214,100,136,198,86,102,351,173,2022
127,Rhode Island,A10,30,14–16,98.8,95.3,0.6019,50.6,46.3,20.8,19.3,28.6,27.6,36.1,32.7,50.5,44.5,33.8,32.6,68.1,-8.5,2022
,,,,5–12,241,47,127,141,29,317,115,157,157,44,245,142,14,172,114,177,194,2022
128,Western Kentucky,CUSA,30,17–13,105.2,101.6,0.5991,52.8,50.7,17.6,19.9,25.1,30.4,31.3,16.5,52.1,48.6,35.9,35.6,69.6,-6.2,2022
,,,,11–7,108,165,128,57,210,119,86,278,268,139,1,80,134,55,284,93,150,2022
129,California,P12,32,12–20,100.3,97,0.5966,46.9,47.5,17.1,14.7,25.5,23.4,25.3,31.5,47.2,48.1,30.8,30.9,65.1,-8.5,2022
,,,,5–15,207,76,129,297,61,87,338,265,26,311,214,270,112,305,39,329,193,2022
130,Florida Atlantic,CUSA,30,16–14,105.2,101.7,0.5947,53.6,50.5,19.8,19.3,31.2,26,29.6,32.3,54.4,47.8,35,37.3,68,-8,2022
,,,,11–7,110,169,130,33,198,268,115,76,82,199,236,33,96,91,332,184,185,2022
131,Boston College,ACC,33,13–20,103,99.7,0.5925,47.8,51.5,17.9,18.7,29.9,25.7,29.6,31.5,48.5,49.8,30.9,36.4,66,-9,2022
,,,,6–14,157,132,131,271,243,131,150,118,70,199,214,226,171,302,315,290,208,2022
132,Texas St.,SB,25,18–7,105.1,102,0.5861,51.3,50.8,19,22,30.8,29.1,32.6,34.5,48.8,49.7,38,34.9,64.6,-2.1,2022
,,,,12–3,112,178,132,111,212,220,25,86,222,106,280,216,169,14,250,338,79,2022
133,Delaware,CAA,33,21–12,106.6,103.4,0.585,53.5,49.3,18.4,18.5,26.8,31.2,34.6,29.3,54.2,47.5,35,34.9,67.7,-5.6,2022
,"   15 seed, ✅",,,10–8,88,212,133,36,139,178,157,218,300,63,156,34,84,91,250,200,138,2022
134,Saint Peter's,MAAC,29,18–11,97.2,94.4,0.585,47.8,44.1,20.8,20.9,31.5,28,37.5,41,45.9,44,34.8,29.4,66.8,-5.8,2022
,"   15 seed, ✅",,,14–6,267,39,134,271,6,317,44,69,171,28,347,316,11,100,15,248,143,2022
135,College of Charleston,CAA,32,17–15,104.3,101.3,0.5824,50.3,51.2,20.9,19.1,35.7,25,30.4,37.6,50,51.3,33.9,34.1,74.6,-7.7,2022
,,,,8–10,128,157,135,155,235,320,128,10,63,169,324,163,239,165,208,1,181,2022
136,Kent St.,MAC,31,21–10,101.1,98.4,0.5769,49.7,48.5,18.7,19.6,31,26.6,32.5,36,50.7,49.6,32.1,31.3,66.6,-4.4,2022
,,,,16–4,194,104,136,188,110,199,98,79,111,108,303,134,166,252,61,258,119,2022
137,Seattle,WAC,30,21–9,99,96.4,0.5769,48.3,46.4,16.3,20.5,26,25.6,28.8,40.5,47.1,46,33.1,31.4,71.4,-3.6,2022
,,,,14–4,240,71,137,256,33,45,63,248,68,226,343,275,34,205,63,32,107,2022
138,Longwood,BSth,28,22–6,105.4,102.8,0.572,51.7,50.6,18.2,20.1,33.6,24.5,35.9,26.8,48,53.6,38.6,31.1,66.8,-2.3,2022
,"   14 seed, ✅",,,15–1,105,197,138,101,202,158,78,28,47,47,85,241,316,6,47,248,86,2022
139,Colgate,Pat,33,22–11,106.3,103.6,0.571,55.9,49,16.9,16.2,26.5,24.8,26.8,24.3,52.7,48.2,40.2,33.7,68.2,-6.2,2022
,"   14 seed, ✅",,,16–2,93,216,139,10,127,70,297,232,52,278,40,63,117,2,177,170,148,2022
140,Akron,MAC,31,22–9,105,102.5,0.5691,52.8,49.3,17.7,17.6,29.1,26.3,40.1,26.2,52.4,47.8,35.6,34.7,63,-4,2022
,"   13 seed, ✅",,,14–6,115,187,140,57,139,121,225,146,97,5,70,72,96,73,237,352,113,2022
141,Buffalo,MAC,28,17–11,105.8,103.3,0.5674,51.6,48.2,18.6,15.8,37,27.9,25.6,29.4,51.6,48.3,34.4,31.9,72.1,-5.3,2022
,,,,13–6,100,207,141,103,93,193,309,6,166,302,160,102,122,122,79,21,135,2022
142,Montana St.,BSky,32,25–7,103.1,100.8,0.5663,54.1,48.6,18.5,18.3,26.7,23.3,40.5,36.2,53.2,48.2,37.2,32.8,68,-2.7,2022
,"   14 seed, ✅",,,16–4,153,144,142,27,113,184,172,222,23,4,306,52,117,26,129,184,90,2022
143,Jacksonville St.,ASun,29,19–10,104,101.7,0.5651,54.2,48,20,17.1,28.3,26.2,32.2,21.1,51.8,47.4,38.2,32.5,66.2,-5.1,2022
,"   15 seed, ✅",,,13–3,136,168,143,25,85,283,252,165,94,116,6,95,79,11,110,278,132,2022
144,Sam Houston St.,WAC,30,16–14,100,97.7,0.5647,48.3,48.6,18.5,20.8,30.6,26.3,25,34.7,46.8,49.1,33.6,31.9,65.9,-6.9,2022
,,,,13–5,219,91,144,256,113,184,48,94,97,316,284,289,151,179,79,297,166,2022
145,UC Irvine,BW,23,13–10,98,96,0.5611,47.6,44.1,20.6,17.2,29.9,27.6,29.7,31.2,47.4,46,32.1,26.6,66,-4.6,2022
,,,,10–5,255,60,145,280,6,308,242,118,157,193,206,265,34,252,1,290,125,2022
146,Wagner,NEC,26,20–6,101.4,99.4,0.5588,49.9,48.1,18,22.3,33.5,27.5,32.1,39.3,53,50.4,28.5,29.7,67.5,-2.4,2022
,,,,13–3,186,129,146,177,87,136,22,33,148,118,338,58,203,352,19,207,89,2022
147,UC Santa Barbara,BW,26,15–11,103.5,101.4,0.5586,53.5,48.1,19.3,19.5,28.4,27.2,37.2,30.4,55,48.2,33.4,32,66.4,-6.7,2022
,,,,9–6,146,158,147,36,87,235,104,164,128,32,182,23,117,191,82,266,163,2022
148,Saint Joseph's,A10,30,11–19,100.6,98.6,0.5584,49.7,47.7,19.6,13.7,27,24.1,22.9,26.9,49,47.6,33.6,31.8,69.2,-10.9,2022
,,,,5–13,202,108,148,188,69,259,354,210,41,345,88,205,88,179,78,109,241,2022
149,Georgia Tech,ACC,31,11–20,99.6,97.9,0.5513,49.6,50.1,18.9,18.8,25,28.1,25,31.5,48.6,51.4,34.4,32.1,69.1,-9,2022
,,,,5–15,224,94,149,194,180,213,146,280,177,316,214,222,246,122,86,115,207,2022
150,New Mexico,MWC,30,11–19,105.9,104.1,0.5512,49.4,52,16.1,18,24,29.1,32.8,35.6,48.1,53.5,34.4,32.9,72.2,-9.1,2022
,,,,5–12,99,225,150,206,264,41,196,297,222,98,298,237,314,122,132,19,210,2022
RK,TEAM,CONF,G,REC,ADJOE,ADJDE,BARTHAG,EFG%,EFGD%,TOR,TORD,ORB,DRB,FTR,FTRD,2P%,2P%D,3P%,3P%D,ADJ T.,WAB,2022
151,Drexel,CAA,28,14–14,103.9,102.1,0.55,52,50.4,16.4,16.2,25.6,26.1,25.4,26.1,52,50.6,34.7,33.4,67.2,-7.8,2022
,,,,10–8,140,179,151,84,191,50,297,260,84,307,67,86,214,104,163,224,183,2022
152,Appalachian St.,SB,30,16–14,101,99.3,0.5477,48.1,49.7,15.8,18,26.6,26.1,26.9,21.9,46.7,50.2,33.3,32.6,65.2,-7,2022
,,,,12–6,197,125,152,263,163,36,196,229,84,273,13,293,198,194,114,323,169,2022
153,Georgia St.,SB,25,15–10,100.8,99.2,0.545,45.1,49.7,16.9,22.7,32.8,30.7,30.2,32.8,43.1,45.4,32.3,37.9,68.2,-5,2022
,"   16 seed, ✅",,,9–5,201,119,153,343,163,70,18,44,279,178,246,351,26,240,342,170,130,2022
154,UC Riverside,BW,26,14–12,100.2,98.7,0.5432,50.7,47.1,18.4,16.1,22.4,22.4,26.9,28.2,52.2,47.8,32.3,30.2,66.3,-6.6,2022
,,,,10–7,211,116,154,138,49,178,300,325,10,273,119,77,96,240,27,274,161,2022
155,South Alabama,SB,26,15–11,101.9,100.4,0.542,51.7,47.3,19.4,20.8,26.7,31.5,31,30.7,51.9,46.7,34.2,32.1,67.7,-6.1,2022
,,,,9–7,179,137,155,101,52,245,48,222,309,151,191,90,54,135,86,200,146,2022
156,Gardner Webb,BSth,28,15–13,97.1,95.8,0.5387,49.9,45.5,20,19,26.9,26.3,28.5,36.3,50.2,47.4,33,28.5,68.5,-7.7,2022
,,,,11–5,270,56,156,177,19,283,135,214,97,234,308,158,79,213,8,149,180,2022
157,Yale,Ivy,29,18–11,99.8,98.6,0.5344,50.1,48.9,18.3,18.2,25.6,26.5,32.7,31.1,50.5,51.1,32.9,30.4,69.8,-4.8,2022
,"   14 seed, ✅",,,11–3,222,111,157,169,123,170,182,260,108,102,204,142,231,221,33,86,129,2022
158,Tulsa,Amer,31,11–20,103.3,102.4,0.5252,49.6,52.2,19,20.1,26.7,30.1,31,29,48.5,50.5,34.2,36.2,67.4,-10.4,2022
,,,,4–14,149,185,158,194,273,220,78,222,258,151,146,226,206,135,306,213,232,2022
159,Missouri,SEC,32,11–21,101.3,100.5,0.5215,47.1,50.8,21.6,17.9,31.4,29.7,29.9,35.6,49.4,49.7,28.1,35.1,66.7,-6.8,2022
,,,,5–13,190,138,159,292,212,337,206,73,239,184,298,193,169,354,261,254,164,2022
160,Coastal Carolina,SB,25,12–13,102.3,101.5,0.5212,49.7,46.1,20.5,16.9,33.9,29.8,32.5,26.3,47.6,48,35.7,29.3,66.9,-8.7,2022
,,,,8–8,168,162,160,188,27,304,265,20,243,108,75,257,107,67,13,241,197,2022
161,East Tennessee St.,SC,30,13–17,107.3,106.6,0.5195,51.8,53.1,17,16.6,30.6,31.1,21.7,26.1,51.1,54.7,35.1,34.2,66.5,-9.3,2022
,,,,7–11,77,269,161,96,306,78,282,94,295,352,67,117,335,86,212,261,213,2022
162,UTEP,CUSA,30,17–13,100,99.3,0.519,49,49.9,17,20.9,22.5,30.1,28.4,38.2,46.9,49.8,35,33.5,67.5,-5.7,2022
,,,,11–7,220,124,162,224,173,78,44,323,258,237,330,284,171,91,169,207,141,2022
163,Mercer,SC,31,14–17,105.5,105,0.5155,52.9,52.8,18.3,15.8,24.5,26.5,29.3,28.5,52.9,53.2,35.3,34.9,65.9,-9.6,2022
,,,,8–10,104,243,163,51,293,170,309,291,108,211,128,60,305,79,250,297,223,2022
164,Jacksonville,ASun,27,17–10,99,98.6,0.5119,48.6,47.2,18.6,16.4,33.6,23.4,30.5,30.8,47.2,49.9,34.5,29.3,62.4,-5.6,2022
,,,,11–5,238,109,164,242,50,193,292,28,26,164,194,270,177,116,13,355,137,2022
165,East Carolina,Amer,30,15–15,102.2,101.8,0.5117,47.1,50.5,18.7,18.5,27.6,28.5,33.5,31,45.3,48.8,33.3,35.3,68.8,-6.3,2022
,,,,6–11,171,170,165,292,198,199,157,186,199,80,199,328,141,194,272,125,156,2022
166,Oakland,Horz,30,18–12,102.4,102.2,0.5064,49.1,50.2,18,20.5,30.7,33.4,34,21.5,52.5,52.9,29.7,31,68.7,-6.1,2022
,,,,12–7,166,180,166,222,183,136,63,90,341,71,10,68,295,332,42,132,147,2022
167,North Dakota St.,Sum,31,21–10,101.3,101.1,0.5053,51.8,47.6,17,12.7,24.8,23.1,33.4,25.5,51.1,47,35.3,32.5,67.2,-4.1,2022
,,,,13–5,189,152,167,96,68,78,357,285,22,85,58,117,64,79,110,224,115,2022
168,Oral Roberts,Sum,28,16–12,108,107.9,0.5039,53.9,51.1,13.2,12.7,26.6,24.7,23,24.8,52.3,50.8,37.2,34.4,71.2,-6.6,2022
,,,,13–6,69,288,168,30,227,4,357,229,51,343,48,75,221,26,225,41,160,2022
169,VMI,SC,28,13–15,109.5,109.4,0.5038,55.5,51,16.6,14.1,22.6,29.8,25.6,24.8,54.5,50.1,37.6,34.6,69.3,-8.8,2022
,,,,9–9,47,314,169,16,220,58,346,321,243,302,48,29,191,20,235,104,201,2022
170,Monmouth,MAAC,34,21–13,101.2,101.2,0.4998,47.5,47.3,17.3,17.8,29.4,27.9,36.9,33.6,46.3,46.6,33.1,32.3,67.2,-6.3,2022
,,,,11–9,192,153,170,282,52,99,211,131,166,35,261,308,50,205,97,224,155,2022
171,Hawaii,BW,26,15–11,101.1,101.2,0.4951,50.4,46.9,19.7,15.9,29,25.1,32.5,31.7,49.5,47.2,34.6,30.9,66,-6.9,2022
,,,,12–5,195,156,171,149,41,265,306,147,65,108,220,190,73,109,39,290,168,2022
172,Portland,WCC,30,16–14,102.3,102.5,0.4927,49.9,50.2,18.2,17.2,24,27.2,33.5,25.8,48.3,48.5,34.9,35.1,69.6,-6.2,2022
,,,,7–7,167,188,172,177,183,158,242,297,128,80,62,230,131,96,261,93,152,2022
173,Navy,Pat,31,20–11,94.9,95.4,0.4869,47.5,47.3,19.9,20.4,33.8,24.8,30.8,31.7,47,45.7,32.3,33.2,65.7,-6.1,2022
,,,,12–6,304,48,173,282,52,272,66,21,52,157,220,277,31,240,151,307,144,2022
174,Georgetown,BE,31,6–25,104.1,104.6,0.4869,46.2,53.6,18.8,18,32.3,29.9,29,27.6,43.3,52.4,34.2,36.9,71,-12.8,2022
,,,,0–19,132,237,174,320,324,207,196,50,248,217,100,349,277,135,324,44,277,2022
175,Louisiana Lafayette,SB,29,14–15,100.5,101,0.4856,48.6,46.9,22,18.4,33.6,27.6,35.5,35.5,47,46.2,34.3,32.2,70.6,-9,2022
,,,,8–9,205,147,175,242,41,343,165,28,157,51,295,277,39,129,91,56,206,2022
RK,TEAM,CONF,G,REC,ADJOE,ADJDE,BARTHAG,EFG%,EFGD%,TOR,TORD,ORB,DRB,FTR,FTRD,2P%,2P%D,3P%,3P%D,ADJ T.,WAB,2022
176,Cleveland St.,Horz,28,18–10,104.1,104.6,0.484,53.4,49.6,19.5,22,33.8,31.9,36.2,34.1,55.4,50.1,33.1,32.6,68.5,-6.2,2022
,,,,15–6,135,238,176,41,156,251,25,21,321,42,268,19,191,205,114,149,151,2022
177,Samford,SC,29,18–11,103.3,104.2,0.4762,51.8,52.1,19.3,17.8,30.1,29,28.9,32,53.4,52.6,33.1,34.4,70.1,-4.5,2022
,,,,10–8,151,227,177,96,270,235,211,109,218,220,230,48,285,205,225,69,121,2022
178,Cal St. Fullerton,BW,29,19–10,102.1,103,0.4757,49.2,50.8,18.1,20.2,29,28,35.7,26.1,48.7,48,33.5,37.1,67.1,-4.8,2022
,"   15 seed, ✅",,,12–5,173,200,178,216,212,147,74,147,171,49,67,217,107,183,328,234,128,2022
179,Cornell,Ivy,24,13–11,103.6,104.6,0.4733,53.5,51.1,19.6,18.1,26.1,28.1,32.2,31.3,55.6,53,34.1,32.3,73,-6.3,2022
,,,,7–7,145,235,179,36,227,259,190,244,177,116,210,16,299,146,97,9,154,2022
180,Bellarmine,ASun,29,16–13,107.3,108.3,0.4723,53.3,54.4,15,17.7,22.4,30.5,22.1,30.2,54.8,56.1,34.2,35,63.3,-5.4,2022
,,,,11–5,78,295,180,43,337,18,217,325,272,348,179,27,352,135,258,347,136,2022
181,Fordham,A10,32,16–16,93.6,94.7,0.4666,45.7,47.9,18.9,19.6,27.2,26.3,29.7,30.4,46.7,48.5,29.7,31.2,68.7,-8.4,2022
,,,,8–10,325,41,181,334,80,213,98,202,97,193,182,293,131,332,51,132,191,2022
182,Charlotte,CUSA,31,17–14,104.9,106.2,0.4637,52.9,52.6,17.2,16.9,22.7,25.6,28,26.5,53.6,51.7,34.5,36.2,66.4,-7.2,2022
,,,,10–8,116,263,182,51,285,96,265,319,68,254,80,44,258,116,306,266,171,2022
183,UNC Greensboro,SC,30,16–14,98.7,100,0.4613,49.8,50.4,20.3,18.7,32.3,24.9,27.2,28.5,48.7,48.8,34.2,34.7,63.3,-7.3,2022
,,,,9–9,243,136,183,185,191,293,150,50,58,268,128,217,141,135,237,347,174,2022
184,Weber St.,BSky,31,19–12,101.6,103.1,0.4586,53.5,52.3,16.3,20.2,20,24.9,37.8,26.9,54.5,49.2,34.6,38.1,70.6,-7.5,2022
,,,,13–7,184,205,184,36,276,45,74,352,58,24,88,29,156,109,345,56,178,2022
185,Georgia,SEC,32,6–26,106.4,108.1,0.4566,50.2,54.6,20.7,15.7,25.8,30.1,39,24.1,51.3,56.1,32.1,34.9,69.7,-13.6,2022
,,,,1–17,90,289,185,164,339,313,318,252,258,10,36,113,352,252,250,90,287,2022
186,Winthrop,BSth,29,20–9,103.8,105.4,0.4564,56.4,51,21.2,19.3,25.3,27.5,37.5,33.5,57,49.1,37,35.9,69.4,-3.2,2022
,,,,14–2,143,250,186,6,220,324,115,273,148,28,260,6,151,30,292,96,97,2022
187,Bryant,NEC,30,21–9,102.7,104.3,0.4553,49.7,47.4,19.1,16.5,33,31.6,32.7,24.4,52.6,47,30.7,32.1,73,-4.8,2022
,"   16 seed, ✅",,,15–2,164,228,187,188,59,224,287,43,313,102,41,65,64,308,86,9,127,2022
188,Texas Southern,SWAC,30,18–12,97,98.6,0.4522,48.7,44.9,21.4,17.4,33.8,28.2,32.7,34.3,49.2,45.2,31.7,29.5,68.7,-6.6,2022
,"   16 seed, ✅",,,13–5,272,112,188,240,12,328,230,21,185,102,278,199,19,272,17,132,162,2022
189,Long Beach St.,BW,30,18–12,100.8,102.6,0.4501,49.2,51.6,18.2,20,27.4,27,37,27.9,47.2,50.7,35.7,35.5,71.9,-4.7,2022
,,,,14–3,199,192,189,216,252,158,83,190,119,33,107,270,218,67,278,24,126,2022
190,Troy,SB,28,17–11,97.3,99.1,0.4467,47.4,48.4,21.9,20.4,31.9,27.5,34.9,34.4,46.9,47.8,32.2,32.9,68,-5.6,2022
,,,,10–6,266,118,190,285,105,341,66,58,148,59,279,284,96,249,132,184,139,2022
191,Tarleton St.,WAC,28,11–17,99.2,101.1,0.4453,46.3,52.4,18.2,24.7,27,34,33.7,35.6,46.3,54.7,30.9,32.9,64.2,-9.4,2022
,,,,9–9,235,150,191,319,278,158,5,210,348,76,298,308,335,302,132,340,217,2022
192,Norfolk St.,MEAC,27,21–6,100,101.9,0.4446,51.5,45.1,19.9,18.5,29.8,27.2,39.1,33.3,51.3,46.3,34.5,29.1,68.2,-3,2022
,"   16 seed, ✅",,,12–2,217,174,192,105,15,272,157,121,128,9,257,113,43,116,12,170,95,2022
193,Massachusetts,A10,32,15–17,110.8,112.9,0.4445,51.3,55.2,16.6,18,29.3,29.7,32.8,29.3,48,54.7,37.1,37.4,70,-8.9,2022
,,,,7–11,32,345,193,111,348,58,196,135,239,98,156,241,335,28,333,72,203,2022
194,Arkansas St.,SB,26,15–11,98.6,100.6,0.4441,49.3,49.2,20.6,19.3,29.4,28.4,34.5,28.2,50,48.8,31.9,33.3,69.2,-5.7,2022
,,,,8–7,244,139,194,211,134,308,115,131,192,65,119,163,141,264,158,109,140,2022
195,Florida Gulf Coast,ASun,30,19–11,103.9,106,0.4439,52.9,50.4,18.9,15.8,30.2,27.2,29.6,24.2,53.1,50.3,35.1,33.7,70.7,-6.6,2022
,,,,10–6,139,257,195,51,191,213,309,108,128,199,38,56,201,86,177,51,159,2022
196,Campbell,BSth,26,13–13,101,103,0.443,51.3,50.6,16.4,18.3,22.2,26.1,26.3,27.6,52.4,49.1,33,35.3,63.3,-8.8,2022
,,,,8–8,196,203,196,111,202,50,172,332,84,289,100,72,151,213,272,347,202,2022
197,UNC Wilmington,CAA,30,21–9,101.4,103.4,0.4429,47.4,50.6,15.4,20.2,28.6,31.9,33.4,34.1,46.8,48.7,32.3,36.4,66.4,-3.7,2022
,,,,15–3,188,211,197,285,202,25,74,157,321,85,268,289,138,240,315,266,109,2022
198,Southern Utah,BSky,29,18–11,103.4,105.6,0.442,52.1,51.8,17.1,17.7,28,22.7,34.7,28,53.1,52.5,33.7,33.9,69.4,-6.4,2022
,,,,14–6,148,252,198,80,259,87,217,172,17,60,110,56,282,176,194,96,157,2022
199,Indiana St.,MVC,28,8–20,99.1,101.2,0.439,50.6,51.7,19.2,15.8,17.3,22.5,26.4,26.2,52.8,50.1,32,36.1,70.4,-12.1,2022
,,,,4–14,236,155,199,141,257,228,309,357,13,288,70,62,191,258,301,62,260,2022
200,Illinois St.,MVC,31,11–20,104.3,106.6,0.4377,51.8,51,19.5,17.2,28.5,29.8,31.3,31.9,49.7,50.5,36.9,34.5,69,-12.1,2022
,,,,5–13,127,270,200,96,220,251,242,163,243,139,227,179,206,32,232,118,261,2022
RK,TEAM,CONF,G,REC,ADJOE,ADJDE,BARTHAG,EFG%,EFGD%,TOR,TORD,ORB,DRB,FTR,FTRD,2P%,2P%D,3P%,3P%D,ADJ T.,WAB,2022
201,Loyola Marymount,WCC,28,10–18,104.8,107.1,0.4377,51.9,54.7,19.2,18.1,24.4,27.3,31.1,31.9,52.3,55,34.2,36,66.8,-9.1,2022
,,,,3–12,117,277,201,94,342,228,190,295,139,145,227,75,339,135,297,248,209,2022
202,Old Dominion,CUSA,31,12–19,99.6,102.2,0.428,46.9,49.7,18.4,17.1,32.3,27.3,34.3,29.4,48.1,48.4,29,34.2,65.2,-12.2,2022
,,,,8–10,225,182,202,297,163,178,252,50,139,67,160,237,128,350,212,323,264,2022
203,Northern Kentucky,Horz,30,18–12,99.9,102.6,0.4242,49.5,49.5,19.9,21.1,36,31,26.6,25,48.3,50,34.1,32.4,65,-7.9,2022
,,,,14–6,221,190,203,200,153,272,37,9,288,283,50,230,182,146,102,330,184,2022
204,Pittsburgh,ACC,32,11–21,98.4,101.1,0.423,46.7,52,21.2,16.5,30.5,26.1,39.4,29.4,46.5,49.5,31.4,36.8,65,-9.6,2022
,,,,6–14,253,149,204,305,264,324,287,99,84,7,160,302,164,281,322,330,224,2022
205,Nicholls St.,Slnd,28,17–11,100.2,103,0.4226,52.5,48.5,17.3,19.6,30,30.7,21.9,36.3,54.8,47,32.4,33.9,70.7,-5.7,2022
,,,,11–3,210,201,205,69,110,99,98,113,279,349,308,27,64,236,194,51,142,2022
206,Wright St.,Horz,33,20–13,104.1,107,0.4218,52,51.2,17.9,18.4,31.3,30,31.1,26,53.2,51.6,33,33.7,69.6,-8.4,2022
,"   16 seed, ✅",,,15–7,133,274,206,84,235,131,165,75,252,145,65,52,250,213,177,93,192,2022
207,UMKC,Sum,27,15–12,99.4,102.2,0.4209,52.3,52,15.6,21,21.5,26.6,31.6,44.4,51.6,52.8,35.8,33.6,68.3,-7,2022
,,,,12–6,229,184,207,76,264,32,40,341,111,131,354,102,293,62,173,166,170,2022
208,San Diego,WCC,29,13–16,96.6,99.4,0.4202,46.7,49.2,18.6,16,26.3,26.4,25.5,23.7,46.2,49,32.1,33.2,66.7,-7.4,2022
,,,,7–9,281,128,208,305,134,193,305,235,105,306,32,312,150,252,151,254,176,2022
209,UC Davis,BW,22,12–10,97.9,100.7,0.4201,48.6,47.3,17.9,19.2,26.2,28.9,29.4,36.9,48.7,45.4,32.3,33.9,68.3,-6.9,2022
,,,,6–6,259,141,209,242,52,131,125,240,213,209,317,217,26,240,194,166,167,2022
210,Northern Colorado,BSky,32,18–14,106.8,110.1,0.4141,56,52.9,16.9,14.4,21.3,24.5,31.6,31.3,55.2,50.9,38,37.9,70.4,-7.8,2022
,,,,13–7,86,325,210,9,297,70,343,344,47,131,210,20,226,14,342,62,182,2022
211,Valparaiso,MVC,30,12–18,101.7,104.8,0.4123,51,52.3,16.5,16.5,20.3,24.8,26.9,22.6,52.1,51.6,32.9,35.6,66.2,-10.5,2022
,,,,6–12,182,240,211,127,276,54,287,349,52,273,17,80,250,221,284,278,233,2022
212,Fort Wayne,Horz,30,19–11,98.6,102,0.4049,53.3,52.9,19.2,21.7,22.3,27.2,26.8,26.5,52.2,53.2,36.5,34.9,69.2,-7.4,2022
,,,,15–6,246,176,212,43,297,228,28,330,128,278,80,77,305,43,250,109,177,2022
213,Oregon St.,P12,31,3–28,104.7,108.3,0.4037,49.2,55,18.2,17.5,26.2,34,27.6,29.1,49.8,55.8,31.9,35.9,67.6,-15.9,2022
,,,,1–19,118,297,213,216,347,158,228,240,348,264,148,176,348,264,292,204,321,2022
214,Harvard,Ivy,23,10–13,97.7,101.2,0.3991,49.6,52.1,17.5,20.7,25.2,23.8,24.5,32.6,50,49.8,32.6,37.1,68.1,-9.5,2022
,,,,5–9,260,154,214,194,270,115,51,274,33,326,244,163,171,229,328,177,218,2022
215,Brown,Ivy,27,11–16,99,102.6,0.3981,49.4,51.1,19.1,19.5,28.2,28.1,31.6,33.2,50.6,51.3,31.7,33.9,68.5,-10,2022
,,,,5–9,237,193,215,206,227,224,104,167,177,131,254,136,239,272,194,149,229,2022
216,James Madison,CAA,27,13–14,102.2,106,0.3958,51.1,53.3,17.7,20.6,25.9,31.5,30.6,27.5,50.9,55.7,34.2,33.7,70,-8.4,2022
,,,,6–12,169,260,216,122,314,121,56,250,309,161,98,126,346,135,177,72,190,2022
217,Boston University,Pat,32,20–12,104.2,108.3,0.3925,52.4,50.4,18.3,16.7,30.9,24.1,28.9,29.1,52.1,50.7,35.3,33.2,66.1,-8.3,2022
,,,,11–7,130,294,217,71,191,170,275,81,41,220,148,80,218,79,151,286,189,2022
218,Cal Baptist,WAC,30,15–15,98.7,102.6,0.391,50.3,48.1,20.5,17.3,27.9,27.8,37.4,33.3,50.4,47.8,33.4,32.5,68.5,-9,2022
,,,,7–11,242,191,218,155,87,304,236,176,165,31,257,150,96,191,110,149,205,2022
219,South Dakota,Sum,29,17–12,102.8,106.9,0.3897,52,52.7,15.1,15.5,26.5,22.4,34.1,34.2,50,51.7,37.3,36.2,66.7,-7.3,2022
,,,,11–7,161,273,219,84,288,21,326,232,10,70,275,163,258,24,306,254,172,2022
220,Fairfield,MAAC,32,14–18,99.4,103.3,0.3889,49.3,48.1,16.8,17,27.4,27.7,26.6,31.2,48.6,48.1,33.5,32.2,65.2,-13,2022
,,,,8–12,230,209,220,211,87,67,261,190,163,283,206,222,112,183,91,323,279,2022
221,Penn,Ivy,28,12–16,104.4,108.7,0.3838,51.3,52.1,17,15.3,25.4,28,24.1,28.8,52,52.1,33.5,34.7,68.9,-8.8,2022
,,,,9–5,126,303,221,111,270,78,329,267,171,330,138,86,269,183,237,122,200,2022
222,Niagara,MAAC,29,13–16,97.9,102.2,0.3801,49.3,48.2,16.7,17.1,23.1,27.1,28.1,28.8,48.2,46.9,34,33.6,65.3,-10.7,2022
,,,,9–11,258,183,222,211,93,61,252,318,123,250,138,235,58,156,173,320,238,2022
223,Marist,MAAC,30,14–16,99.2,103.6,0.3781,50.4,48.3,18.2,16.7,26.4,27.1,25,28.5,49.7,47.1,34.4,33.4,67.2,-11.8,2022
,,,,9–11,234,215,223,149,99,158,275,234,123,316,128,179,70,122,163,224,256,2022
224,Detroit,Horz,28,13–15,104.5,109.1,0.3778,52.6,54,18.1,19.1,28,29.5,23,31,50,54.9,36.8,35.1,65.8,-9.6,2022
,,,,10–7,123,309,224,63,333,147,128,172,236,343,199,163,338,34,261,305,222,2022
225,Western Illinois,Sum,29,14–15,100.8,105.3,0.3766,50.2,52.7,16.1,17.3,29.3,22.6,29.4,31.8,50.1,50.8,33.5,37.7,71.4,-9.9,2022
,,,,7–12,200,247,225,164,288,41,236,135,15,209,224,159,221,183,339,32,228,2022
RK,TEAM,CONF,G,REC,ADJOE,ADJDE,BARTHAG,EFG%,EFGD%,TOR,TORD,ORB,DRB,FTR,FTRD,2P%,2P%D,3P%,3P%D,ADJ T.,WAB,2022
226,Rice,CUSA,30,14–16,104.6,109.5,0.3724,53,51.1,18.3,14.3,25.7,28.1,32,21,51.8,51.6,36.5,33.4,68.7,-9.4,2022
,,,,7–11,120,316,226,49,227,170,344,256,177,120,5,95,250,43,163,132,216,2022
227,Southern,SWAC,29,15–14,94.8,99.4,0.3694,49.2,49.2,20.4,25.2,27.5,31.1,33.6,45.7,47.5,52.9,35,28.4,71.3,-8.6,2022
,,,,11–6,308,127,227,216,134,298,3,188,295,77,356,262,295,91,7,35,196,2022
228,Kennesaw St.,ASun,27,9–18,103.2,108.2,0.3678,51.8,53.1,17.4,18.2,28.7,27.9,29.7,35.3,50.3,52.1,36.2,36.2,67.2,-11.9,2022
,,,,7–9,152,292,228,96,306,109,182,154,166,193,293,153,269,51,306,224,258,2022
229,Howard,MEAC,26,13–13,100.2,105.2,0.3633,50.4,49.4,20.7,23.5,28,34.5,36.2,33.9,47.8,48.6,36.2,34,71.3,-9.4,2022
,,,,9–5,212,246,229,149,145,313,11,172,353,42,265,250,134,51,202,35,215,2022
230,George Washington,A10,30,12–18,97.9,102.9,0.361,48.9,49.6,17.9,18,23.2,31.1,26,29.2,48,51.4,33.7,30.7,70,-10.7,2022
,,,,8–9,257,199,230,229,156,131,196,315,295,296,152,241,246,176,37,72,239,2022
231,UT Arlington,SB,27,9–18,96.5,101.4,0.3603,45.7,49.4,20.3,20.3,30.5,31.7,29.7,32.3,45.3,46.8,31,35.5,66.4,-10.8,2022
,,,,7–10,285,161,231,334,145,293,70,99,315,193,236,328,57,298,278,266,240,2022
232,High Point,BSth,29,11–18,98.5,103.5,0.3593,48.9,49.5,19.5,17.7,27.4,30.2,33.9,35.3,49.4,52.1,32,30.1,67.4,-12.4,2022
,,,,7–9,251,214,232,229,153,251,217,190,262,72,293,193,269,258,24,213,269,2022
233,Dartmouth,Ivy,24,8–16,96.3,101.4,0.3575,48.2,50.8,17.4,19,23.6,26.6,24.5,28.4,46.6,50.5,33.4,34.2,65.7,-11.1,2022
,,,,6–8,289,159,233,259,212,109,135,306,111,326,125,298,206,191,212,307,245,2022
234,Eastern Washington,BSky,31,16–15,102,107.4,0.3571,52.7,50.3,18.3,15.7,25.4,25.9,33.1,30.9,51.9,50,35.9,33.8,70.5,-9.6,2022
,,,,11–9,176,282,234,61,188,170,318,267,77,91,198,90,182,55,188,59,225,2022
235,La Salle,A10,30,11–19,97.6,102.8,0.3555,47.8,50,19,16.7,29,27.4,25.1,31,47.6,47.8,32,35.9,68.4,-11.6,2022
,,,,5–13,262,196,235,271,179,220,275,147,143,312,199,257,96,258,292,157,249,2022
236,South Florida,Amer,31,8–23,91.2,96,0.3553,41.3,48.3,19.1,18.9,29.8,27,25.4,33.6,42.8,46.6,25.2,33.8,65.9,-12.6,2022
,,,,3–15,346,62,236,357,99,224,140,121,119,307,261,352,50,358,188,297,274,2022
237,Stony Brook,AE,30,17–13,103.8,109.4,0.3543,50.3,52.6,15.5,17.4,27.4,29.7,27.7,23.8,49.9,54.1,34,33.6,69.2,-8,2022
,,,,10–8,142,313,237,155,285,28,230,190,239,260,34,170,327,156,173,109,186,2022
238,Montana,BSky,29,15–14,99.5,104.9,0.3526,50.2,51.8,15.7,19.1,18.1,26.8,38.5,42.8,49.9,49.9,33.9,37.5,66.2,-9.7,2022
,,,,11–9,228,241,238,164,259,34,128,355,115,12,350,170,177,165,337,278,227,2022
239,UNC Asheville,BSth,27,13–14,99.5,104.9,0.3516,50,49.3,18.3,19,26.3,33.4,38.1,27.9,50.1,52.4,33.3,28.3,67.4,-9.6,2022
,,,,8–8,227,242,239,172,139,170,135,235,341,20,107,159,277,194,6,213,220,2022
240,Marshall,CUSA,31,10–21,100.3,106,0.3461,49.4,52,18.1,17.8,27.3,28.1,24.3,28.3,52.1,51.6,30.1,35.3,73.4,-13.9,2022
,,,,4–14,208,259,240,206,264,147,211,197,177,328,121,80,250,326,272,7,292,2022
241,New Hampshire,AE,26,13–13,102.7,108.7,0.3437,50.9,50.4,14.8,14,27.9,21.9,25.4,26.6,48.1,49.8,36.6,34.2,62.9,-9.2,2022
,,,,10–8,162,301,241,129,191,13,350,176,4,307,82,237,171,42,212,353,211,2022
242,Northeastern,CAA,31,9–22,97,102.6,0.3435,50.1,51.7,21.2,15.7,26.3,23.7,30.6,25.6,51.6,51.9,32,34.3,65.6,-15.5,2022
,,,,2–16,271,194,242,169,257,324,318,235,32,161,60,102,264,258,219,311,315,2022
243,UMBC,AE,31,17–14,102.7,108.7,0.342,52.6,52.8,16.2,16.6,21.9,28.8,31.1,19.7,48.9,52.7,38.3,35.2,69.3,-9.3,2022
,,,,11–7,163,302,243,63,293,44,282,337,210,145,3,210,288,9,266,104,214,2022
244,Southeast Missouri St.,OVC,30,12–18,103.9,110.2,0.3376,51.6,52.4,17.8,18.1,25.8,28.9,36.7,39.6,50.6,52.8,35.4,34.6,72.6,-12.2,2022
,,,,8–9,138,326,244,103,278,128,190,252,213,38,340,136,293,76,235,14,263,2022
245,Georgia Southern,SB,26,10–16,96,101.8,0.3372,47.8,48.2,21.1,18.9,27.7,31,31.6,35.5,50.1,47.3,29.2,33,67.1,-11,2022
,,,,5–11,293,173,245,271,93,322,140,183,288,131,295,159,76,347,141,234,243,2022
246,LIU Brooklyn,NEC,29,15–14,98.6,104.6,0.3372,48.4,48.5,18.5,18.2,30.6,29.7,30.4,29.7,49.6,48.8,31,32,73.5,-8.5,2022
,,,,12–6,245,236,246,251,110,184,182,94,239,169,166,183,141,298,82,6,195,2022
247,Ball St.,MAC,30,13–17,101.5,107.8,0.3322,51.3,52.4,19.5,17.1,26.8,28.3,38.1,32.8,49.8,50.8,35.7,36.3,71,-12,2022
,,,,9–10,185,286,247,111,278,251,252,218,186,20,246,176,221,67,313,44,259,2022
248,Texas A&M Corpus Chris,Slnd,30,19–11,96.5,102.6,0.3317,47.3,49.1,19.9,22.7,34.7,29,38.4,41.6,47.3,50.5,31.6,31.5,70,-7.5,2022
,"   16 seed, ✅",,,7–7,283,189,248,288,129,272,18,15,218,16,348,268,206,277,66,72,179,2022
249,Rider,MAAC,32,13–19,97.2,103.3,0.3309,45.6,49.2,17.3,18.4,29.4,28.3,27.2,33.2,44.9,47.3,31.6,34.4,68,-13.6,2022
,,,,8–12,269,208,249,336,134,99,165,131,186,268,254,336,76,277,225,184,288,2022
250,Air Force,MWC,29,11–18,95.6,101.8,0.3273,50.9,51.5,21.5,20.3,19.6,29.4,26.8,38.9,51.6,53.8,33.3,31.2,64.2,-9.6,2022
,,,,4–13,294,172,250,129,243,333,70,353,231,278,335,102,323,194,51,340,221,2022
RK,TEAM,CONF,G,REC,ADJOE,ADJDE,BARTHAG,EFG%,EFGD%,TOR,TORD,ORB,DRB,FTR,FTRD,2P%,2P%D,3P%,3P%D,ADJ T.,WAB,2022
251,Miami OH,MAC,29,11–18,104,110.7,0.3264,50.3,53.5,15,18,26,30.2,23.7,30.4,49.5,52.5,34.3,36.7,68.5,-13,2022
,,,,8–12,137,331,251,155,320,18,196,248,262,334,182,190,282,129,320,149,280,2022
252,Tennessee Tech,OVC,30,9–21,100.3,106.9,0.3241,49.2,51.5,18.9,18.1,30.9,30.5,24,24,49.2,53.4,32.9,32.4,70.1,-14.1,2022
,,,,7–10,209,272,252,216,243,213,190,81,272,331,35,199,310,221,102,69,296,2022
253,The Citadel,SC,28,10–18,100.6,107.3,0.3232,52,50.4,17.1,13.8,23.7,29.4,29.9,26.3,51.7,50.9,34.8,33.1,71.4,-11.8,2022
,,,,6–12,203,281,253,84,191,87,351,303,231,184,75,98,226,100,148,32,254,2022
254,Youngstown St.,Horz,30,16–14,102.6,109.4,0.3226,51.3,51.1,17.1,17.2,30.1,28.3,29.7,29.7,50.9,50.4,34.5,35,67.3,-10.3,2022
,,,,12–9,165,315,254,111,227,87,242,109,186,193,166,126,203,116,258,220,231,2022
255,Quinnipiac,MAAC,30,13–17,101.2,108.1,0.3188,50,50.6,18.7,17.2,28.6,28.6,27,27.2,49.2,47.6,34,37.1,69.8,-12.5,2022
,,,,7–13,193,290,255,172,202,199,242,157,205,271,93,199,88,156,328,86,271,2022
256,Eastern Kentucky,ASun,27,9–18,100.6,107.5,0.3175,48.4,54.6,15.6,22.3,28.7,31.8,21.7,28.1,46,56.6,33.9,34.4,72,-13.6,2022
,,,,5–11,204,283,256,251,339,32,22,154,317,352,113,315,356,165,225,23,290,2022
257,Pepperdine,WCC,31,6–25,97.5,104.3,0.3153,47.5,52.7,20.4,18,26.3,31,23.9,31.5,45.6,54.6,34.1,32.9,71.1,-14.9,2022
,,,,1–15,263,229,257,282,288,298,196,235,288,332,214,320,334,146,132,43,306,2022
258,Alcorn St.,SWAC,33,17–16,97.5,104.4,0.3135,46,51.1,20.2,19.1,31.5,27.5,33.1,36.3,45.4,50.5,31.7,34.8,68.4,-8.1,2022
,,,,14–4,264,230,258,327,227,290,128,69,148,91,308,325,206,272,245,157,188,2022
259,Siena,MAAC,29,15–14,96.8,103.7,0.311,48.7,49.1,18.4,17.3,24.5,28.5,28.9,29.2,46.3,48.7,35.6,33.3,67.2,-9.5,2022
,,,,12–8,275,220,259,240,129,178,236,291,199,220,152,308,138,73,158,224,219,2022
260,Lipscomb,ASun,30,11–19,102,109.3,0.3101,52.3,51.5,19,14.1,22.7,28,33.9,22.7,53.2,48.1,34,37.5,70.3,-12.4,2022
,,,,6–10,177,311,260,76,243,220,346,319,171,72,19,52,112,156,337,65,268,2022
261,Elon,CAA,30,8–22,98.6,106.1,0.3023,49,50.6,19.9,16.6,25.4,28.8,25.9,43.8,48.6,49.9,33,34.5,66.9,-13.6,2022
,,,,7–11,248,261,261,224,202,272,282,267,210,300,353,222,177,213,232,241,289,2022
262,Louisiana Monroe,SB,28,10–18,101,108.6,0.3019,50.2,52.9,18.9,19.4,24.7,33.4,26,34.7,50.5,52,33.2,36.2,68.8,-11.6,2022
,,,,5–13,198,300,262,164,297,213,109,287,341,296,284,142,267,202,306,125,252,2022
263,Mount St. Mary's,NEC,29,13–16,95.1,102.5,0.2988,48.6,48.6,20.1,18.9,31,29.1,26.3,26.2,47.6,47.4,33.9,33.9,64.5,-11,2022
,,,,9–7,298,186,263,242,113,287,140,79,222,289,70,257,79,165,194,339,244,2022
264,Bowling Green,MAC,29,11–18,102.9,111.2,0.2912,48.6,53.5,16.5,17.3,29.9,30.7,31.9,30.8,48,53.1,33.1,36,73.7,-13.2,2022
,,,,6–14,159,337,264,242,320,54,236,118,279,125,194,241,302,205,297,5,282,2022
265,New Orleans,Slnd,28,15–13,96.4,104.1,0.2907,50,49.7,19.3,19.6,25.4,31.1,42.1,32.8,51,51.1,31.2,31.6,72.6,-8.9,2022
,,,,10–4,288,226,265,172,163,235,98,267,295,1,246,124,231,290,69,14,204,2022
266,Portland St.,BSky,29,12–17,95.1,102.8,0.2883,47.1,52.7,17,23.4,26.1,31.8,31.6,39.4,48.4,51.2,29.7,36.7,71.6,-12.6,2022
,,,,10–10,301,198,266,292,288,78,12,244,317,131,339,228,234,332,320,29,273,2022
267,Tennessee St.,OVC,30,12–18,97.9,106,0.2874,49,50.1,19.8,19.7,29.7,28.6,30.4,39.2,47.6,49.8,34.6,33.7,68.4,-13.3,2022
,,,,8–10,256,258,267,224,180,268,92,126,205,169,337,257,171,109,177,157,284,2022
268,UC San Diego,BW,27,11–16,100.1,108.3,0.2871,52,52.7,18.9,17.2,18.6,27.6,32.7,22,50.3,54.3,36,32.9,68.9,-11.4,2022
,,,,7–11,213,296,268,84,288,213,242,354,157,102,15,153,329,54,132,122,247,2022
269,San Jose St.,MWC,30,7–23,99,107.2,0.2859,49.7,53.5,20,15.7,22,30.5,22.5,27,48.2,53.4,34.3,35.8,66.5,-13,2022
,,,,1–17,239,278,269,188,320,283,318,336,272,347,91,235,310,129,291,261,281,2022
270,St. Thomas,Sum,27,7–20,106.9,115.9,0.2833,52,58.9,12.6,16.1,20.7,27.1,23.7,32.5,52.5,58,34.4,40.1,66.4,-15.6,2022
,,,,4–14,84,355,270,84,358,1,300,346,123,334,242,68,358,122,357,266,317,2022
271,North Florida,ASun,28,8–20,96.3,104.4,0.2817,48.1,48.8,21.6,16.7,25.2,36.9,30.4,28.7,47.7,48,32.4,33.9,69.1,-11.6,2022
,,,,7–9,290,233,271,263,119,337,275,274,358,169,135,254,107,236,194,115,251,2022
272,Southeastern Louisiana,Slnd,29,15–14,102.1,110.8,0.2815,52,53.8,19.9,19.7,25.4,33.2,39,27.5,52.1,55.2,34.5,34.2,71.3,-8.7,2022
,,,,10–4,172,333,272,84,328,272,92,267,340,10,98,80,341,116,212,35,199,2022
273,FIU,CUSA,30,13–17,96.6,105,0.2782,49.9,50.2,20.1,18.5,27,29.8,24.6,31.4,49,50.2,34,33.4,67.6,-11.9,2022
,,,,5–13,278,244,273,177,183,287,157,210,243,324,212,205,198,156,163,204,257,2022
274,USC Upstate,BSth,28,12–16,100.1,109,0.2729,51.3,51.1,18.8,17.7,21.7,31.2,28.9,37.6,49.6,52.4,35.9,32.8,69.3,-10.6,2022
,,,,10–6,214,306,274,111,227,207,217,340,300,220,324,183,277,55,129,104,236,2022
275,Duquesne,A10,30,6–24,98.4,107.3,0.2714,45.4,54,16.9,19,29.2,31.5,21.9,21.9,45.2,51.3,30.5,39.8,66.9,-16.3,2022
,,,,1–16,252,280,275,337,333,70,135,141,309,349,13,330,239,317,354,241,327,2022
RK,TEAM,CONF,G,REC,ADJOE,ADJDE,BARTHAG,EFG%,EFGD%,TOR,TORD,ORB,DRB,FTR,FTRD,2P%,2P%D,3P%,3P%D,ADJ T.,WAB,2022
276,Pacific,WCC,28,6–22,95,103.5,0.2713,46.2,54.9,17.4,18.7,22.6,22.6,32.3,28.1,45.8,52.1,31.4,39.2,69,-15.1,2022
,,,,3–11,303,213,276,320,345,109,150,321,15,112,113,318,269,281,353,118,309,2022
277,Manhattan,MAAC,29,14–15,99.3,108.4,0.2686,48.3,52.2,20.5,19.9,30,30.9,41.4,34.7,50,52.9,29.9,33.9,69.4,-10.5,2022
,,,,8–12,231,298,277,256,273,304,86,113,285,2,284,163,295,329,194,96,234,2022
278,UMass Lowell,AE,28,12–16,94.4,103.1,0.2669,48,48.9,18.3,19.5,29.2,29.9,26.5,32.5,49.3,45.6,30.2,37,68.5,-11.8,2022
,,,,7–11,316,204,278,265,123,170,104,141,248,286,242,196,29,322,327,149,255,2022
279,Presbyterian,BSth,29,9–20,95,103.8,0.2656,45.4,53.5,19.5,21.1,33.1,24.6,30.2,40.7,49,51,26.1,38.4,65.2,-14.2,2022
,,,,4–12,302,221,279,337,320,251,37,42,50,178,344,205,229,357,348,323,298,2022
280,Illinois Chicago,Horz,29,13–16,99.7,109,0.2642,51.1,51.6,17.2,16.8,25,27.2,22.9,34.2,53.3,50,32.4,37.4,69.9,-11.6,2022
,,,,9–10,223,308,280,122,252,96,273,280,128,345,275,50,182,236,333,79,250,2022
281,SIU Edwardsville,OVC,30,9–21,94.9,103.8,0.2621,46.7,49,21.6,19.2,31.1,30.6,34.5,37.6,48.1,48.7,29.5,33,69.4,-15,2022
,,,,5–13,307,223,281,305,127,337,125,78,276,65,324,237,138,340,141,96,307,2022
282,North Carolina A&T,BSth,29,9–20,96.4,105.6,0.2605,46.6,51,18.1,19.9,29.2,30.8,28.2,37.8,46.3,50.1,31.5,34.8,68.7,-14.5,2022
,,,,6–10,286,253,282,309,220,147,86,141,283,247,327,308,191,279,245,132,301,2022
283,Prairie View A&M,SWAC,27,8–19,96.6,105.9,0.2577,48.4,51,24,20.6,31.7,34.2,38.5,44.8,46.8,49.6,34.5,35.7,71.7,-11.7,2022
,,,,8–8,279,256,283,251,220,355,56,63,351,12,355,289,166,116,287,27,253,2022
284,Dixie St.,WAC,27,9–18,94.6,103.7,0.2572,46.5,50.9,21,17.8,26.7,28.9,35.2,30.7,47.8,51.7,29.5,33,72.6,-11.4,2022
,,,,6–12,314,217,284,312,219,321,211,222,213,54,191,250,258,340,141,14,248,2022
285,Austin Peay,OVC,27,10–17,95.1,104.4,0.2553,46.6,52.5,21.3,20.9,29.5,30.4,25.7,36.1,46.9,54.1,30.8,33.2,65.6,-10.6,2022
,,,,8–10,299,232,285,309,284,327,44,128,268,301,305,284,327,305,151,311,237,2022
286,Radford,BSth,27,9–18,94.3,103.8,0.2497,46.5,52,20.6,20.2,28.9,26,27.8,37.4,47.7,51.3,29.8,35.4,65.3,-12.2,2022
,,,,7–9,317,222,286,312,264,308,74,151,82,257,319,254,239,330,276,320,265,2022
287,Jackson St.,SWAC,30,11–19,92.4,101.8,0.2484,45.3,47.7,19.9,18.3,31.4,27.9,26.5,36.6,45.5,47.5,30,32.2,64.9,-12.6,2022
,,,,9–9,334,171,287,342,69,272,172,73,166,286,314,321,84,328,91,333,272,2022
288,Loyola MD,Pat,29,13–16,94.7,104.4,0.2461,50.4,51.4,19.5,20.6,25.2,26.1,25,30.7,51.7,51.3,32.1,34.3,66.2,-12.1,2022
,,,,8–10,313,231,288,149,239,251,56,274,84,316,191,98,239,252,219,278,262,2022
289,Tennessee Martin,OVC,28,6–22,96.6,106.7,0.242,46.1,50.8,19.4,18.4,29.8,31.8,26.3,37.2,47,51.2,29.7,33.4,70,-15.5,2022
,,,,4–14,280,271,289,324,212,245,165,121,317,289,318,277,234,332,163,72,314,2022
290,Army,Pat,29,13–16,96.2,106.3,0.2394,48.8,52.8,18.9,19.4,29.8,27.2,32.1,22.9,49.3,51.6,31.9,36.4,70,-12.2,2022
,,,,9–9,291,265,290,232,293,213,109,121,128,118,21,196,250,264,315,72,266,2022
291,Hartford,AE,32,12–20,100.4,111,0.2394,53.3,51.6,18.2,16.5,23.8,28.4,27.6,28.9,51.5,50.4,36.9,35.7,68.1,-15.9,2022
,,,,9–9,206,335,291,43,252,158,287,302,192,264,142,110,203,32,287,177,320,2022
292,Canisius,MAAC,31,10–21,95.5,105.7,0.2364,45.4,51.5,16.9,17.8,28,26.3,30.2,32.2,45.5,53.7,30.2,31.2,69.3,-15.3,2022
,,,,7–13,295,254,292,337,243,70,211,172,97,178,233,321,320,322,51,104,312,2022
293,Cal St. Bakersfield,BW,25,6–19,96.1,106.5,0.2356,44.4,51.4,18,20.1,32,26.1,29.5,48,44.9,50.5,28.3,35.2,65.3,-13.7,2022
,,,,2–14,292,267,293,349,239,136,78,56,84,207,357,336,206,353,266,320,291,2022
294,Eastern Michigan,MAC,30,9–21,94.8,105.4,0.2275,48.2,51.6,19.2,16.9,23.3,28.4,29.8,29.3,49.3,50.6,30.7,35.6,70.4,-15.2,2022
,,,,5–15,309,251,294,259,252,228,265,312,192,188,156,196,214,308,284,62,310,2022
295,Albany,AE,31,13–18,91.6,102,0.2258,46.2,50.7,18.7,20.7,26.1,27.2,24.9,31.8,45.2,49.1,32.3,35.5,66.3,-12.8,2022
,,,,9–9,344,177,295,320,210,199,51,244,128,321,224,330,151,240,278,274,276,2022
296,Cal Poly,BW,27,6–21,93,103.7,0.2216,46.1,48.1,22.6,17,27.3,26.9,36.3,36.8,47.2,44.5,29.5,36.2,65.6,-16.2,2022
,,,,4–12,331,218,296,324,87,351,261,197,116,40,315,270,14,340,306,311,323,2022
297,Denver,Sum,30,10–20,98.5,109.9,0.2211,52.7,52.4,18.6,16.5,23.7,28.1,32,32.2,51.1,50.9,37.1,36.4,67.5,-14.9,2022
,,,,7–11,250,322,297,61,278,193,287,303,177,120,233,117,226,28,315,207,305,2022
298,Western Carolina,SC,31,10–21,98.2,109.6,0.2199,47.9,53.2,17.7,14.3,28.6,28.5,27.8,28.7,49,52.6,31.3,36,69.4,-14.1,2022
,,,,5–13,254,319,298,267,309,121,344,157,199,257,135,205,285,286,297,96,295,2022
299,Merrimack,NEC,29,13–16,93,104,0.2175,48.6,49.1,18.5,22.6,22.5,36.2,26,33.9,47.8,48.8,33.3,33.2,63.2,-10.9,2022
,,,,9–8,330,224,299,242,129,184,20,323,356,296,265,250,141,194,151,350,242,2022
300,Central Arkansas,ASun,29,9–20,99.2,111,0.2166,48.2,54.8,18.8,16.4,26.2,30.9,23.1,29.8,50.3,55.8,29.5,35.3,73,-12.9,2022
,,,,7–9,232,334,300,259,343,207,292,240,285,342,170,153,348,340,272,9,278,2022
RK,TEAM,CONF,G,REC,ADJOE,ADJDE,BARTHAG,EFG%,EFGD%,TOR,TORD,ORB,DRB,FTR,FTRD,2P%,2P%D,3P%,3P%D,ADJ T.,WAB,2022
301,North Alabama,ASun,26,5–21,90.8,101.7,0.2147,43.2,50.2,17,18.9,25.5,29.9,23.8,40,42.8,50.1,29.2,33.7,68.6,-15.1,2022
,,,,2–14,347,167,301,355,183,78,140,265,248,333,341,352,191,347,177,142,308,2022
302,McNeese St.,Slnd,29,7–22,97.2,108.8,0.2147,48.6,52,22,17.7,33.2,28.9,37.5,40.2,49.9,52,30.6,34.7,70.7,-16.2,2022
,,,,4–10,268,305,302,242,264,343,217,40,213,28,342,170,267,315,237,51,326,2022
303,Northern Illinois,MAC,30,9–21,91.9,103.1,0.2098,47.2,50.6,19.9,19.7,24.3,29.4,33,40.7,47,51.8,31.7,32.3,68,-14.4,2022
,,,,6–14,342,206,303,290,202,272,92,296,231,93,344,277,262,272,97,184,300,2022
304,UT Rio Grande Valley,WAC,29,6–23,99.2,111.8,0.202,49.5,51.9,20.7,17.9,24.7,33.5,41.4,35.7,51.9,53.7,30.3,32.7,72.7,-16.2,2022
,,,,3–15,233,340,304,200,261,313,206,287,344,2,301,90,320,320,121,12,324,2022
305,Lehigh,Pat,31,12–19,96.8,109.4,0.198,52.1,49.3,19.2,14.7,21.5,26.4,25.1,31.8,48.9,47.4,38.2,36.4,69.2,-14.5,2022
,,,,10–8,274,312,305,80,139,228,338,341,105,312,224,210,79,11,315,109,302,2022
306,North Carolina Central,MEAC,27,12–15,94.8,107.1,0.1971,47.7,50.5,23.8,22,32.6,30.5,37.8,43.4,48.3,51.4,31.1,32.9,68.6,-10.3,2022
,,,,8–5,310,276,306,277,198,354,25,49,272,24,351,230,246,293,132,142,230,2022
307,Binghamton,AE,27,10–17,93.6,105.7,0.1966,48.8,49.9,18.8,15.9,26.7,27.1,23.2,30.1,47,49.6,34.7,33.6,68,-12.6,2022
,,,,8–10,326,255,307,232,173,207,306,222,123,340,176,277,166,104,173,184,275,2022
308,Florida A&M,SWAC,28,11–17,94.2,106.5,0.1958,46.1,48.2,18.7,18.5,25.7,34.4,29.8,38.9,46.6,46.4,29.7,34.3,66.4,-12.2,2022
,,,,11–7,319,268,308,324,93,199,157,256,352,188,335,298,47,332,219,266,267,2022
309,Morgan St.,MEAC,23,9–14,93.7,106.1,0.1937,46.4,51.6,21.4,23.3,31.5,29.9,31.1,43.7,46.5,51.3,30.7,34.7,72.6,-10.6,2022
,,,,7–6,324,262,309,316,252,328,13,69,248,145,352,302,239,308,237,14,235,2022
310,Stetson,ASun,26,7–19,95.4,108.2,0.1917,48.8,53,19.5,16.1,28.2,27.5,25.6,26.8,46.5,53.5,34.9,34.9,66.5,-14.6,2022
,,,,5–11,296,293,310,232,302,251,300,167,148,302,85,302,314,96,250,261,304,2022
311,Maryland Eastern Shore,MEAC,23,8–15,90.6,102.7,0.19,46,51,21.9,23.8,27.7,30.4,31.8,36.4,44.6,51.2,31.9,33.7,68.4,-11.2,2022
,,,,6–8,350,195,311,327,220,341,9,183,268,128,311,340,234,264,177,157,246,2022
312,Robert Morris,Horz,31,7–24,98.6,112,0.1874,50.9,53.1,20.8,16.9,28.2,32.2,28.2,28.9,51.6,51.9,32.9,36.9,67.9,-18.7,2022
,,,,5–16,249,343,312,129,306,317,265,167,328,247,142,102,264,221,324,192,346,2022
313,Coppin St.,MEAC,32,9–23,90.6,103,0.1859,46,49.3,19.4,21.2,20.1,32,34.6,28.1,47.6,46.7,29.7,35.2,73.9,-16.6,2022
,,,,6–8,349,202,313,327,139,245,35,350,325,63,113,257,54,332,266,3,330,2022
314,Sacramento St.,BSky,27,9–18,94.8,107.8,0.1856,48.8,52.6,16.7,17.7,21.4,27.6,28.3,33.7,46.9,53.4,35.1,34.2,65.4,-13.9,2022
,,,,6–14,311,285,314,232,285,61,217,343,157,242,263,284,310,86,212,319,294,2022
315,Western Michigan,MAC,28,6–22,97.3,110.7,0.1844,49.3,53.4,20.3,15,27.2,32.3,24.3,29.8,48.9,55.3,33.2,33.8,65.2,-15.7,2022
,,,,4–16,265,332,315,211,316,293,334,202,332,328,170,210,342,202,188,323,318,2022
316,Little Rock,SB,25,6–19,96.5,109.9,0.1827,47.9,56.3,20.3,20,23.5,30.6,32.3,31,46.6,55.5,33.3,38.4,67.9,-13.4,2022
,,,,3–11,284,323,316,267,353,293,83,308,276,112,199,298,344,194,348,192,285,2022
317,South Carolina St.,MEAC,28,12–16,92.1,105.2,0.179,43.3,49.9,20.2,20.6,34.3,29,31.9,37.4,42.1,47.7,30.6,35.7,71.3,-12.4,2022
,,,,7–7,337,245,317,354,173,290,56,19,218,125,319,356,92,315,287,35,270,2022
318,Evansville,MVC,29,5–24,92.1,105.4,0.176,46.9,56.1,17.2,17.9,14.4,22.3,24.6,31,45.2,55.3,32.6,38.4,64.9,-16.2,2022
,,,,2–16,338,248,318,297,352,96,206,358,9,324,199,330,342,229,348,333,325,2022
319,UTSA,CUSA,28,7–21,93.7,107.2,0.1757,43.6,54.3,17.6,17,29.5,25.8,25.4,33,43.9,53,28.7,37.7,69.7,-14.6,2022
,,,,3–15,323,279,319,353,336,119,261,128,72,307,252,344,299,351,339,90,303,2022
320,St. Francis NY,NEC,29,9–20,94.5,108.1,0.1754,46,51.9,17.9,18.9,29.4,29.8,23.3,32.4,45.4,52.7,31.3,33.3,67.7,-15.5,2022
,,,,7–11,315,291,320,327,261,131,140,131,243,338,240,325,288,286,158,200,316,2022
321,Lafayette,Pat,29,9–20,96.7,110.7,0.1745,50.6,53.7,16.4,17.2,22.4,30,20.9,25.8,51.9,51.8,32.8,38,65.8,-15.4,2022
,,,,7–11,277,329,321,141,327,50,242,325,252,357,62,90,262,226,344,305,313,2022
322,St. Francis PA,NEC,29,8–21,94.7,109.1,0.1643,46.9,52.4,18.1,18.3,30.5,31.9,29.8,25.6,46.7,51.4,31.5,35.9,68.1,-16.4,2022
,,,,5–13,312,310,322,297,278,147,172,99,321,188,60,293,246,279,292,177,329,2022
323,Alabama St.,SWAC,30,9–21,95.2,109.7,0.1635,47.7,50.4,21.5,19.4,29.5,33.5,36.9,33.8,46.8,50.8,33,33.2,70.7,-14.2,2022
,,,,8–10,297,320,323,277,191,333,109,128,344,35,264,289,221,213,151,51,299,2022
324,Bucknell,Pat,32,9–23,100,115.3,0.1629,52.8,53.8,19.3,13.7,21.8,30,28.3,22.9,50.6,52.3,37.6,37.4,68.8,-18.4,2022
,,,,5–13,218,351,324,57,328,235,354,339,252,242,21,136,276,20,333,125,344,2022
325,Grambling St.,SWAC,30,10–20,92.2,106.3,0.1623,44.6,48.9,20,19.2,27.4,31.4,33.4,40.8,43.8,46.3,31.1,35.7,70.2,-13.5,2022
,,,,8–9,335,264,325,346,123,283,125,190,304,85,346,345,43,293,287,66,286,2022
RK,TEAM,CONF,G,REC,ADJOE,ADJDE,BARTHAG,EFG%,EFGD%,TOR,TORD,ORB,DRB,FTR,FTRD,2P%,2P%D,3P%,3P%D,ADJ T.,WAB,2022
326,Central Michigan,MAC,30,7–23,95.1,109.9,0.1589,47.8,53,19.6,16.6,25.4,31.4,30.5,36,45.5,53.6,34.1,34.8,68.5,-15.8,2022
,,,,6–12,300,321,326,271,302,259,282,267,304,164,303,321,316,146,245,149,319,2022
327,Sacred Heart,NEC,29,9–20,100,115.7,0.1577,50.8,53.2,19.6,15.7,30.8,31.3,24.9,25.5,50.5,53.6,34.2,35,68.4,-16.6,2022
,,,,6–10,216,354,327,134,309,259,318,86,303,321,58,142,316,135,258,157,331,2022
328,Hampton,BSth,26,7–19,90.3,104.8,0.154,44.1,47.4,18,16.2,22.1,31,36.5,37.9,44.1,48.8,29.3,29.8,69.9,-15.3,2022
,,,,5–11,351,239,328,352,59,136,297,334,288,39,329,341,141,346,20,79,311,2022
329,Southern Miss,CUSA,31,5–26,94.3,109.6,0.1514,46.9,54.1,19.7,15.9,23.7,28.4,26.7,28.1,47,52.6,31,37.4,68,-18.7,2022
,,,,1–17,318,317,329,297,335,265,306,303,192,282,113,277,285,298,333,184,345,2022
330,Northern Arizona,BSky,30,7–23,94.9,110.7,0.146,47.9,53,20.4,13.8,28.9,23.5,27.7,34.1,45.4,52.2,34.3,36.3,66.2,-17.8,2022
,,,,5–15,305,330,330,267,302,298,351,151,29,260,268,325,275,129,313,278,337,2022
331,Idaho,BSky,29,7–22,97.6,113.9,0.1453,50.2,54.6,18.5,14.5,23.3,26.3,33.8,33.9,47.4,55.5,36.7,35.1,71.2,-17.6,2022
,,,,6–14,261,349,331,164,339,184,342,312,97,75,265,265,344,40,261,41,335,2022
332,Cal St. Northridge,BW,28,6–22,93.3,109,0.1439,44.4,51.9,18.5,19.9,26.8,33,29.6,36.5,44,53.1,30.2,33.2,65.9,-16.1,2022
,,,,3–15,327,307,332,349,261,184,86,218,337,199,312,343,302,322,151,297,322,2022
333,Milwaukee,Horz,31,9–22,92.1,107.8,0.1406,47.7,47.5,19.6,14.9,25.9,30.1,28,29.1,47.5,45.3,31.9,33.8,67.9,-17.7,2022
,,,,8–14,339,287,333,277,61,259,337,250,258,254,148,262,23,264,188,192,336,2022
334,Green Bay,Horz,29,4–25,92.6,108.5,0.1392,46.5,53,19.9,18.1,26.6,28.7,32,31.7,48.9,53.6,28,34.7,65.5,-20.4,2022
,,,,4–16,333,299,334,312,302,272,190,229,208,120,220,210,316,355,237,318,352,2022
335,Alabama A&M,SWAC,30,12–18,85.7,100.6,0.1364,41.3,46.3,19.6,19.6,28.7,31,33.5,28.6,41.5,45.2,27.1,32,67.5,-13.9,2022
,,,,10–8,356,140,335,357,29,259,98,154,288,80,132,358,19,356,82,207,293,2022
336,Northwestern St.,Slnd,29,6–23,96.8,113.6,0.1362,49.5,53.2,20.1,17.1,27.8,32.2,25,34.1,48.4,54.4,34.4,34,72.2,-16.3,2022
,,,,5–9,276,347,336,200,309,287,252,179,328,316,268,228,330,122,202,19,328,2022
337,Bethune Cookman,SWAC,29,8–21,92.2,108.8,0.1296,45.4,51.5,19.7,20.4,27.9,30.9,28.8,35.5,43.7,52.7,33.7,32.9,66.9,-16.6,2022
,,,,7–11,336,304,337,337,243,265,66,176,285,226,295,347,288,176,132,241,332,2022
338,Idaho St.,BSky,28,5–23,93.1,110,0.1272,47.4,53.2,21.1,16.7,27.6,27.5,33,35.2,49.6,54.5,29.6,34.1,64.8,-18.8,2022
,,,,5–15,328,324,338,285,309,322,275,186,148,93,290,183,332,339,208,335,348,2022
339,Chicago St.,WAC,32,7–25,94.9,112.5,0.1244,45.9,53.6,22,18.6,31.6,32.2,29.3,38.5,45.2,50,31.1,40.1,67.1,-18,2022
,,,,3–15,306,344,339,333,324,343,155,67,328,211,333,330,182,293,357,234,338,2022
340,William & Mary,CAA,31,4–27,90.2,107,0.1233,46,53.6,23.1,17.9,27.1,27.7,30.3,27.2,45.5,55.7,31.1,33.7,69.9,-20.5,2022
,,,,4–14,352,275,340,327,324,353,206,206,163,176,93,321,346,293,177,79,354,2022
341,NJIT,AE,28,10–18,89.5,106.4,0.1212,46.5,51,18.7,16.7,23.2,27.9,31,27,45.1,51,32.6,34,67.2,-13.3,2022
,,,,6–12,354,266,341,312,220,199,275,315,166,151,91,335,229,229,202,224,283,2022
342,American,Pat,32,10–22,93.1,110.6,0.1202,49.6,53.3,20.2,17.4,25,29,25.6,28.9,49.6,53.9,33.1,34.7,65.9,-18,2022
,,,,5–13,329,328,342,194,314,290,230,280,218,302,142,183,324,205,237,297,339,2022
343,Houston Baptist,Slnd,25,7–18,94.2,112,0.1201,48.8,55.3,20.6,19.1,29.3,27.2,37.8,37.8,50.5,53.7,30.5,38.8,69.3,-14.2,2022
,,,,6–8,320,342,343,232,349,308,128,135,128,24,327,142,320,317,352,104,297,2022
344,North Dakota,Sum,29,4–25,96.6,115.5,0.1132,47.2,56.3,17.5,13.6,26.8,25.8,31.6,30.5,44.7,55.8,33.5,38.1,68.4,-20.4,2022
,,,,2–16,282,352,344,290,353,115,356,218,72,131,187,338,348,183,345,157,353,2022
345,Nebraska Omaha,Sum,29,4–25,96.4,116,0.1065,49.3,56.3,19.3,14.7,24.6,30,28.3,37.4,46.9,54,35.8,39.9,70.8,-18.2,2022
,,,,4–14,287,356,345,211,353,235,338,290,252,242,319,284,326,62,355,49,341,2022
346,Fairleigh Dickinson,NEC,26,4–22,94,113.5,0.1032,46.4,53.8,19.3,18.1,27.7,34.1,27.8,34.1,45.2,54.5,32.4,35.1,70.6,-17.1,2022
,,,,4–12,321,346,346,316,328,235,190,183,350,257,268,330,332,236,261,56,333,2022
347,Lamar,WAC,27,0–27,91.9,111.2,0.1006,44.5,52.9,21.5,17.8,30,31.7,26.2,38.5,44.1,52.7,30.2,35.5,67,-21,2022
,,,,0–16,343,336,347,347,297,333,211,113,315,292,333,341,288,322,278,239,355,2022
348,Charleston Southern,BSth,28,3–25,92,111.4,0.0998,46.2,55.4,21.4,17.3,26.2,25.7,28.4,30,47.1,56.1,30.1,36.1,70.2,-20.1,2022
,,,,1–15,340,338,348,320,350,328,236,240,70,237,173,275,352,326,301,66,351,2022
349,Arkansas Pine Bluff,SWAC,29,5–24,96.9,118.8,0.0868,46.6,55.5,19.5,18.7,24.8,36.3,33.6,34.6,48,56.1,29.8,36,68.4,-17.3,2022
,,,,5–13,273,358,349,309,351,251,150,285,357,77,283,241,352,330,297,157,334,2022
350,Holy Cross,Pat,29,7–22,90.7,111.8,0.0826,45.1,53.2,18.2,17.6,27.3,29.4,28.6,30.8,43.2,52.7,33.1,36.1,67.9,-18.7,2022
,,,,7–11,348,339,350,343,309,158,225,197,231,232,194,350,288,205,301,192,347,2022
351,Incarnate Word,Slnd,29,5–24,93.9,116,0.0815,48.4,56.8,19.9,18,22.3,32.4,27.4,30,46.5,57.4,33.8,37.1,66.1,-18.3,2022
,,,,3–11,322,357,351,251,357,272,196,330,333,266,173,302,357,172,328,286,343,2022
352,Central Connecticut,NEC,32,8–24,90,111.8,0.0757,46,52.9,20.6,18.8,26.3,31.8,29.1,28.8,42.6,53.3,34.2,34.8,66,-18.9,2022
,,,,5–13,353,341,352,327,297,308,146,235,317,214,138,354,307,135,245,290,349,2022
353,Maine,AE,26,3–23,91.2,113.7,0.0734,46.9,54.9,19.3,18.3,24,30.4,20.4,32.8,47,53.3,31,38.6,67.1,-18.3,2022
,,,,3–15,345,348,353,297,345,235,172,297,268,358,246,277,307,298,351,234,342,2022
354,Columbia,Ivy,25,3–22,92,114.7,0.0733,48.5,54.8,21.5,16.4,27.5,28.8,26.1,25.1,46.4,53.4,34.9,37.8,70.5,-18.1,2022
,,,,1–13,341,350,354,249,343,333,292,188,210,294,52,307,310,96,341,59,340,2022
355,Mississippi Valley St.,SWAC,28,2–26,92.7,115.6,0.0727,44.5,56.7,18.1,20.7,23.4,33.9,31.4,36.5,43.8,55.1,30.5,40,71.8,-21.2,2022
,,,,2–16,332,353,355,347,356,147,51,309,347,138,312,345,340,317,356,26,356,2022
356,Delaware St.,MEAC,25,0–25,86,110.4,0.0533,45,51.1,25.6,19.3,27,34.7,32.4,34.2,43.4,48.6,32.2,36.1,69.1,-21.6,2022
,,,,0–14,355,327,356,345,227,357,115,210,354,111,275,348,134,249,301,115,357,2022
357,Eastern Illinois,OVC,29,3–26,82.7,107.6,0.046,44.2,53.4,24.1,18.2,20.6,32.6,31.2,24.2,42.3,55.8,31.8,33.5,65.9,-20,2022
,,,,3–15,357,284,357,351,316,356,182,347,335,143,38,355,348,270,169,297,350,2022
358,IUPUI,Horz,27,1–26,80,109.6,0.0261,42.4,52.8,26.1,20.5,30.1,33,24.9,37.5,41.6,52.4,29.2,35.5,63.6,-22.3,2022
,,,,1–16,358,318,358,356,293,358,63,109,337,321,322,357,277,347,278,345,358,2022
