RK,TEAM,CONF,G,REC,ADJOE,ADJDE,BARTHAG,EFG%,EFGD%,TOR,TORD,ORB,DRB,FTR,FTRD,2P%,2P%D,3P%,3P%D,ADJ T.,WAB,YEAR
1,Houston,Amer,34,31-3,118.4,89.9,0.9596,52.7,42.5,15.3,22,37.1,27.4,28.5,35.8,53.2,43.1,34.5,27.8,63.3,8.4,2023
,"   1 seed, ✅",,,17–1,11,4,1,65,3,26,22,4,128,272,286,62,4,149,2,343,5,2023
2,Alabama,SEC,34,29-5,117,89.4,0.9565,52.7,41.5,19,16,33.8,27.6,36.7,32.8,54.6,41.2,33.8,28.1,72.7,10.5,2023
,"   1 seed, ✅",,,16–2,15,3,2,65,1,241,303,27,139,50,223,28,1,180,3,4,1,2023
3,UCLA,P12,34,29-5,113.6,88.6,0.9462,50.9,46.8,15.3,23.6,33.7,27.6,27.1,27.6,50.4,46.8,34.7,31.1,66.3,8.4,2023
,"   2 seed, ✅",,,18–2,33,2,3,165,27,26,11,32,139,316,74,180,43,140,34,226,4,2023
4,Tennessee,SEC,33,23-10,112.4,88.2,0.9417,50.3,42.4,18.1,22.2,36.8,26.9,30.9,34.9,51,44.6,32.9,26.2,65.6,3.1,2023
,"   4 seed, ✅",,,11–7,48,1,4,195,2,166,21,5,107,199,267,142,9,227,1,275,25,2023
5,Connecticut,BE,33,25-8,119.8,94.1,0.9412,53.5,45.5,18.9,19.4,39.2,26.2,31.4,38.7,53.4,45.8,35.7,30,67,5,2023
,"   4 seed, ✅",,,13–7,6,20,5,42,11,235,99,1,77,179,321,54,25,88,15,189,14,2023
6,Purdue,B10,34,29-5,119.5,94.3,0.9387,52.2,47.2,17,15.4,38.3,23.3,37.2,19.3,54.1,47.4,32.6,31.4,64.1,9.2,2023
,"   1 seed, ✅",,,15–5,7,21,6,86,36,88,330,3,12,39,1,34,59,255,44,330,3,2023
7,Gonzaga,WCC,32,28-5,125.2,99.7,0.9322,58.5,51.7,14.6,18.8,31.1,26,34.2,26.7,59,51.2,38.4,35,70,7.1,2023
,"   3 seed, ✅",,,14–2,1,80,7,2,243,10,127,96,70,93,53,2,227,12,244,44,9,2023
8,Texas,B12,34,26-8,115.9,92.4,0.9311,52.7,47.8,16.5,22.8,28.3,29.4,31.5,34.5,53.8,47.2,33.9,32.7,68.8,8,2023
,"   2 seed, ✅",,,12–6,19,10,8,65,56,64,17,190,225,175,257,42,53,177,93,103,6,2023
9,Saint Mary's,WCC,32,26-7,113.2,90.6,0.9281,52.5,46.7,16.4,19,33.1,21.8,31.2,30.3,51,45.6,36.7,32.8,62.1,3.9,2023
,"   5 seed, ✅",,,14–2,37,5,9,72,26,60,121,45,2,186,155,142,20,45,98,356,21,2023
10,Arizona,P12,34,28-6,120.5,96.6,0.9272,56.8,47.2,18.4,16.9,31.1,26.2,36.5,26,56.6,45.9,38.2,32.8,72.4,7.5,2023
,"   2 seed, ✅",,,14–6,4,40,10,3,36,204,247,96,77,53,40,9,27,14,98,7,7,2023
11,San Diego St.,MWC,32,27-6,113,90.6,0.9266,50.1,47.5,17.6,19.6,31.7,25.8,34.3,29.4,49.4,49.9,34.4,29.2,66.1,6.5,2023
,"   5 seed, ✅",,,15–3,39,6,11,205,46,135,89,79,64,91,127,219,167,157,7,243,10,2023
12,Kansas,B12,34,27-7,113.8,92.4,0.9161,52.4,47.1,17.5,20.2,28.4,28.3,29.8,31.2,52.9,47.2,34.4,31.2,69.1,10.5,2023
,"   1 seed, ✅",,,13–5,32,11,12,75,34,122,68,187,174,230,181,68,53,157,35,88,2,2023
13,Marquette,BE,34,28-6,119.1,97.2,0.9118,56,51.1,15.2,22.8,26.5,32.1,27.1,29,58.8,50,34.8,35.2,68.6,7.5,2023
,"   2 seed, ✅",,,17–3,9,44,13,8,206,23,17,241,320,316,117,3,169,134,253,115,8,2023
14,Baylor,B12,32,22-10,123.1,100.8,0.9089,53.1,51.4,18.1,19.9,34.7,31.1,37.2,31.4,50.8,53.3,37.2,32.2,67,5.7,2023
,"   3 seed, ✅",,,11–7,2,99,14,52,226,166,76,18,300,39,185,156,314,30,76,188,11,2023
15,Creighton,BE,33,21-12,114.7,94.1,0.9071,54.3,47.3,16.6,14.3,25.5,23.3,28.1,19.8,54.5,45.6,36,34.1,67.9,1.9,2023
,"   6 seed, ✅",,,14–6,25,18,15,27,40,67,355,269,12,288,2,30,20,75,183,152,33,2023
16,Texas A&M,SEC,34,25-9,115.1,95.1,0.8999,49,47.9,18.3,21.1,36.7,30.4,45.9,35.1,49,47.4,32.8,32.3,66.2,4.1,2023
,"   7 seed, ✅",,,15–3,24,28,16,254,61,192,40,6,270,2,273,240,59,237,80,234,18,2023
17,Memphis,Amer,34,26-8,115.4,95.4,0.8995,53.2,46.8,18.4,20.9,31,32.3,35.9,34.9,53.1,47.2,35.6,30.8,71.5,5.1,2023
,"   8 seed, ✅",,,13–5,23,31,17,49,27,204,47,99,323,59,267,65,53,94,27,20,12,2023
18,Arkansas,SEC,33,20-13,112.4,93.3,0.8947,52,46.5,18.3,20.4,30.5,28.2,38.8,38.9,53.8,46.9,31.7,30.6,69.6,0.9,2023
,"   8 seed, ✅",,,8–10,49,13,18,92,23,192,64,112,168,27,326,42,47,303,25,57,45,2023
19,West Virginia,B12,33,19-14,117.4,97.6,0.8935,51.7,50.7,18.5,20.9,33.7,29.3,39.7,38.5,51.3,50.5,34.8,34.1,68.7,1.8,2023
,"   9 seed, ✅",,,7–11,13,50,19,110,185,211,47,32,223,19,317,126,190,134,183,110,34,2023
20,Iowa St.,B12,32,19-13,109.8,91.6,0.8891,50.7,50.1,19.8,25.1,33.9,26.6,27.8,40,50.7,49.6,33.9,33.8,64.2,2.6,2023
,"   6 seed, ✅",,,9–9,87,8,20,177,149,284,2,25,91,296,338,162,157,177,160,326,27,2023
21,Duke,ACC,34,26-8,112.8,94.3,0.8869,51.1,46.3,18.2,16.6,36.2,25.9,30.8,24.1,51.4,46.7,33.6,30.4,65.3,4.3,2023
,"   5 seed, ✅",,,14–6,41,22,21,153,21,180,272,8,66,204,15,119,41,191,20,286,17,2023
22,Xavier,BE,34,25-9,119.2,99.7,0.8861,55.6,50.4,17.5,16.5,31.8,25.4,30.8,27.1,54,48.7,39.5,35.9,70.4,5.1,2023
,"   3 seed, ✅",,,15–5,8,82,22,10,168,122,279,75,53,204,64,37,104,3,282,39,13,2023
23,Auburn,SEC,32,20-12,113.1,94.8,0.8834,49.6,45.6,18.1,19.3,33.3,32,35.5,39.1,51,46.9,31.4,28.8,67.7,1.5,2023
,"   9 seed, ✅",,,10–8,38,27,23,222,12,166,104,38,318,64,330,142,47,312,5,161,37,2023
24,Kansas St.,B12,32,23-9,111.6,93.7,0.8814,51.5,47.5,20,20.7,31.1,29.2,37,36.7,51.8,48.8,34,30.1,70,4.7,2023
,"   3 seed, ✅",,,11–7,58,15,24,123,46,298,54,96,220,44,298,99,107,174,16,45,15,2023
25,Utah St.,MWC,33,26-8,117.2,98.5,0.8804,55.6,47.8,17.4,15.8,27.4,24.8,35.5,30.2,54.1,45.9,38.5,34.3,68.8,3.9,2023
,"   10 seed, ✅",,,13–5,14,63,25,10,56,116,313,216,35,64,152,34,27,9,203,101,22,2023
RK,TEAM,CONF,G,REC,ADJOE,ADJDE,BARTHAG,EFG%,EFGD%,TOR,TORD,ORB,DRB,FTR,FTRD,2P%,2P%D,3P%,3P%D,ADJ T.,WAB,2023
26,TCU,B12,33,21-12,112.3,94.6,0.8769,50.2,47.8,17.1,21.9,32.4,30.7,33.9,29.7,51.9,49.1,30.6,30.4,69.8,2.6,2023
,"   6 seed, ✅",,,9–9,52,25,26,199,56,90,24,59,286,97,140,94,130,338,20,49,28,2023
27,Kentucky,SEC,32,21-11,116.8,99.3,0.8664,51.2,48.8,17.3,16.8,38.7,25.5,32.5,29.9,50.4,48.3,35.4,33.1,66,1.9,2023
,"   6 seed, ✅",,,12–6,17,75,27,144,92,103,256,2,57,134,146,180,87,104,114,254,32,2023
28,Maryland,B10,33,21-12,113.2,96.5,0.8623,51.1,47.9,16.2,18.4,30.2,27.2,33.8,27.8,52,47.7,33,32.1,64.7,0.8,2023
,"   8 seed, ✅",,,11–9,36,39,28,153,61,49,150,127,118,99,84,93,66,220,70,309,47,2023
29,Michigan St.,B10,31,19-12,113,96.5,0.8599,51.6,48.1,16.4,14.7,27.4,25.2,25.8,28.6,47.7,48.6,39.5,31.5,64.9,2.4,2023
,"   7 seed, ✅",,,11–8,40,38,29,118,71,60,346,216,46,334,107,279,99,3,48,304,29,2023
30,Florida Atlantic,CUSA,32,31-3,112.8,96.5,0.8581,55,45.9,16.7,18.3,30.4,24.5,29.5,26.7,54.3,44.8,37.2,32,68.2,4.3,2023
,"   9 seed, ✅",,,18–2,42,37,30,19,14,69,158,119,26,240,53,31,11,30,67,133,16,2023
31,Boise St.,MWC,32,24-9,110.3,94.4,0.8575,51.9,47.3,16.7,17.7,26.4,23.8,30.7,27.4,50.7,47.8,36,31,66.5,2.9,2023
,"   10 seed, ✅",,,13–5,76,23,31,101,40,69,193,246,16,210,69,162,71,75,31,220,26,2023
32,Virginia,ACC,32,25-7,110.6,94.7,0.8566,51.3,48.3,13.7,19.7,25.5,25,34.5,26.1,50.4,46.5,35.3,34,61.4,4,2023
,"   4 seed, ✅",,,15–5,70,26,32,135,78,5,81,269,38,84,42,180,35,105,174,360,20,2023
33,Indiana,B10,33,22-11,113.6,97.4,0.8541,53.8,47.3,16.9,16.3,28,27.9,30.1,30.6,53.2,45.7,37,33.2,68.1,3.3,2023
,"   4 seed, ✅",,,12–8,34,46,33,35,40,80,293,199,153,219,162,62,23,34,121,140,24,2023
34,Oklahoma St.,B12,33,18-15,107.8,92.6,0.8507,49.3,45.9,20.7,19.1,31.9,28.3,32.9,31.5,51,44.7,31.1,31.8,67.6,0.5,2023
,,,,8–10,117,12,34,240,14,321,116,72,174,123,189,142,10,324,58,164,51,2023
35,Northwestern,B10,32,21-11,108.7,93.6,0.8478,47.2,48.4,14.8,21.7,28.3,27.3,29.7,31.6,46.5,46.6,32.1,33.9,65,1.5,2023
,"   7 seed, ✅",,,12–8,104,14,35,319,81,12,27,190,121,234,192,315,38,276,169,302,36,2023
36,Rutgers,B10,33,19-14,104.9,90.7,0.8423,47.6,45.9,17.2,21.7,32,27.6,28.5,28.2,47.6,46.1,31.8,30.5,66,-1.2,2023
,,,,10–10,161,7,36,302,14,98,27,69,139,272,98,283,30,299,22,252,70,2023
37,Miami FL,ACC,32,25-7,118.4,102.7,0.8364,55,51.3,16.4,18.1,32,29,30,24.1,54.9,51.8,36.8,33.6,68.8,3.4,2023
,"   5 seed, ✅",,,15–5,12,136,37,19,220,60,170,69,210,223,15,21,256,41,145,108,23,2023
38,Iowa,B10,32,19-13,120.6,104.7,0.8364,51.9,53.3,14.1,18.5,32.2,27.6,32.6,23.4,52.1,52.6,34.3,36.6,69.6,0.2,2023
,"   8 seed, ✅",,,11–9,3,178,38,101,307,8,143,62,139,133,12,89,294,163,316,58,53,2023
39,Cincinnati,Amer,32,21-12,112.4,97.8,0.8325,51.7,47.7,15.1,17.1,30.2,27.5,25.8,29.3,50.7,47.8,35.5,31.5,68.5,-1.4,2023
,,,,11–7,47,54,39,110,53,18,236,127,137,334,122,162,71,99,48,120,73,2023
40,North Carolina,ACC,33,20-13,111.2,96.8,0.8319,49.2,48.7,15.2,14.9,30.4,23.3,37,26.3,50.8,48.4,31.1,33,68.9,-0.8,2023
,,,,11–9,60,43,40,245,89,23,341,119,12,44,46,156,90,324,108,96,64,2023
41,USC,P12,32,22-10,112.6,98.1,0.831,51.3,45.2,18.1,18.1,29,33,33.8,29.8,51.1,42.4,34.5,33.4,68.2,2,2023
,"   10 seed, ✅",,,14–6,44,59,41,135,9,166,170,162,339,99,141,136,2,149,135,138,30,2023
42,Penn St.,B10,35,22-13,116.9,101.9,0.8295,55.5,49.2,13.7,13.1,18.8,25.1,21.4,25.9,53.5,48.8,38.5,33.3,64.6,1.3,2023
,"   10 seed, ✅",,,10–10,16,118,42,13,107,5,362,361,41,361,38,51,107,9,132,312,39,2023
43,Oregon,P12,33,19-14,114.4,99.8,0.8276,51.1,48.4,18.2,16.5,32.8,25.9,31.2,24.7,53.3,46,31.9,35,66.1,-0.3,2023
,,,,12–8,27,84,43,153,81,180,279,51,66,186,21,60,29,289,244,241,58,2023
44,Liberty,ASun,31,26-8,111.7,97.6,0.8261,55.8,49.5,16,19.4,25.8,20.1,25.8,27.8,56.7,47.6,36.5,35.1,64.2,-1.8,2023
,,,,15–3,56,49,44,9,120,42,99,261,1,334,84,8,65,50,252,325,77,2023
45,Illinois,B10,32,20-12,110.1,96.2,0.8243,51.6,46.9,18.2,18.6,32.3,26.8,33.8,29.6,55.3,45.3,30.9,33.6,69.7,0.6,2023
,"   9 seed, ✅",,,11–9,81,36,45,118,29,180,135,60,103,99,135,17,16,330,145,55,49,2023
46,Drake,MVC,33,27-7,110.7,96.8,0.8242,53.1,47.3,15.5,17.7,24.3,22.4,28.8,26.7,51.9,47.5,36.7,31.2,66.4,-0.2,2023
,"   12 seed, ✅",,,15–5,68,42,46,52,40,29,193,309,3,267,53,94,63,45,35,222,56,2023
47,Michigan,B10,32,17-15,112,98,0.8228,51.2,47.8,14.8,14.8,25.4,26.1,30.8,26.2,50.8,47.8,34.6,31.9,67.6,-2,2023
,,,,11–9,53,58,47,144,56,12,344,273,72,204,43,156,71,146,62,165,80,2023
48,North Texas,CUSA,31,26-7,108.9,95.5,0.8188,51.1,45.3,19.9,20.2,33.8,27.5,32.2,41.2,49.3,45.1,35.7,30.6,58.5,0.8,2023
,,,,16–4,97,32,48,153,10,290,68,27,137,146,343,223,14,88,25,363,46,2023
49,North Carolina St.,ACC,33,23-10,114.1,100.1,0.8187,51.8,49.8,13.6,19.1,30.7,26.6,25.3,34,51.5,50.6,34.9,32.2,69.4,0.9,2023
,"   11 seed, ✅",,,12–8,28,85,49,106,134,4,116,108,91,340,250,112,196,128,76,71,44,2023
50,Oklahoma,B12,32,15-17,110.1,96.6,0.8176,52.4,48,20,15.5,23.7,27.2,30.1,30.1,52.2,48.5,35.1,31.2,65.1,-1.2,2023
,,,,5–13,79,41,50,75,68,298,326,320,118,219,150,84,94,111,35,293,71,2023
RK,TEAM,CONF,G,REC,ADJOE,ADJDE,BARTHAG,EFG%,EFGD%,TOR,TORD,ORB,DRB,FTR,FTRD,2P%,2P%D,3P%,3P%D,ADJ T.,WAB,2023
51,Washington St.,P12,33,17-16,111.6,97.9,0.8171,50.4,49.6,18.5,16.5,31.8,25.9,28.2,28.5,46.6,50.4,36.9,31.9,64.2,-2.9,2023
,,,,11–9,59,55,51,192,126,211,279,75,66,282,103,311,184,36,62,324,94,2023
52,Ohio St.,B10,35,16-19,115.5,101.4,0.8164,52,48.9,16.1,15.9,31.5,28.6,26.6,28.1,50.6,49.3,36.8,32.1,66.1,-3.1,2023
,,,,5–15,22,108,52,92,96,48,306,88,186,325,94,167,144,41,70,244,98,2023
53,Texas Tech,B12,32,16-16,111.2,98,0.8108,52.3,48.9,19.9,19.9,32.1,30.1,34.8,28.4,52.6,49.1,34.5,32.4,67.4,-2.1,2023
,,,,5–13,61,57,53,83,96,290,76,67,255,76,101,75,130,149,85,171,82,2023
54,New Mexico,MWC,32,22-11,116,102.2,0.8103,53,50.4,15.7,17.6,28.3,27.3,39.5,29,52.7,50.8,35.9,33.2,71.6,-0.2,2023
,,,,8–10,18,122,54,55,168,34,205,190,121,21,117,71,205,82,121,19,57,2023
55,UAB,CUSA,33,25-9,112.3,99,0.8089,50.8,47.9,17.4,19.5,35.7,28.8,36.6,30.7,49,47,36.5,32.9,70.9,-0.9,2023
,,,,14–6,51,72,55,172,61,116,95,11,198,51,167,240,50,50,102,28,66,2023
56,Missouri,SEC,33,24-9,118.5,104.6,0.8071,55.1,52.3,16,24.3,26.8,37.3,29.5,35.2,55.9,51.7,36.1,35.4,69.3,4,2023
,"   7 seed, ✅",,,11–7,10,174,56,16,274,42,5,234,362,240,275,13,247,70,264,75,19,2023
57,Clemson,ACC,33,23-10,110.9,98,0.8061,54.4,47.4,16.3,16.6,23.5,24.5,30.7,30.8,53.6,45.8,36.9,33.2,68.1,-0.5,2023
,,,,14–6,65,56,57,25,44,54,272,321,26,210,169,49,25,36,121,146,60,2023
58,Mississippi St.,SEC,33,21-12,104.1,92.1,0.8046,46.9,46.2,19.3,22,35.2,29,34.6,27.6,50.5,46.2,26.6,30.8,63.8,0.8,2023
,"   11 seed, ✅",,,8–10,177,9,58,326,19,257,22,14,210,81,74,171,32,363,27,335,48,2023
59,Providence,BE,32,21-11,115.7,102.3,0.8045,51.5,50,16.9,16.9,35.2,26.7,36.8,25.5,50.9,49.6,35.1,33.9,67,0.9,2023
,"   11 seed, ✅",,,13–7,20,123,59,123,146,80,247,14,96,48,31,150,157,111,169,187,43,2023
60,Nevada,MWC,31,22-10,110.2,97.6,0.8031,50.5,49,15.2,18.7,22.9,25.1,39.5,31.4,50.3,49.3,33.8,32.5,66,1.4,2023
,"   11 seed, ✅",,,12–6,77,48,60,184,100,23,128,331,41,21,185,187,144,180,86,248,38,2023
61,VCU,A10,34,27-7,106.2,94,0.8018,52.2,47,19.5,24.1,29,29.8,41.8,30.5,52.3,46.2,34.7,32.3,68.1,1.1,2023
,"   12 seed, ✅",,,15–3,141,17,61,86,31,264,6,162,241,9,160,83,32,140,80,145,41,2023
62,Seton Hall,BE,31,17-15,105.9,94.1,0.7959,49.4,47.6,20.4,21.3,30.8,30.3,40.5,31,49.2,48.2,33.2,31,66.6,-2.3,2023
,,,,10–10,148,19,62,234,49,314,36,105,264,16,175,228,84,215,31,212,85,2023
63,UCF,Amer,32,18-14,109.6,97.6,0.7916,50.6,48.2,19.4,21.6,33.9,31,29.7,33.4,48.1,49,35.9,31.3,64.4,-3.4,2023
,,,,8–10,92,47,63,181,73,262,29,25,294,234,236,265,121,82,41,321,104,2023
64,Colorado,P12,33,17-16,105.9,94.4,0.7885,49,47.7,19.2,19.6,31.3,25.3,30.3,32.2,49.6,47.7,31.9,31.8,69.3,-3.3,2023
,,,,8–12,151,24,64,254,53,251,89,91,49,218,215,211,66,289,58,79,102,2023
65,Villanova,BE,33,17-16,112.7,100.5,0.7879,52,50.8,15.6,17.2,22.6,25.3,30.7,27.5,52.9,51,34,33.7,63.6,-2.4,2023
,,,,10–10,43,94,65,92,193,31,231,337,49,210,72,68,214,174,153,338,86,2023
66,Dayton,A10,34,22-12,110.4,98.5,0.7871,53,45,18.8,16.1,30.7,27,35.5,23.9,54.3,45.7,33.8,29.3,62.6,-4.1,2023
,   vs. 61 VCU (lost),,,12–6,73,66,66,55,7,230,299,108,111,64,14,31,23,180,9,352,112,2023
67,Utah,P12,32,17-15,107.3,95.7,0.787,48.9,45,18,15.2,31.3,27.4,29.2,24.4,48.4,44.9,33.3,30.2,66.2,-3.3,2023
,,,,10–10,125,34,67,262,7,160,335,91,128,252,18,255,12,206,18,235,100,2023
68,Sam Houston St.,WAC,28,25-7,105.2,94,0.7855,51,48.4,20,23.2,31,25.1,33.5,39,47.1,46.9,38.5,33.4,64.5,0.4,2023
,,,,14–4,158,16,68,161,81,298,13,99,41,109,328,299,47,9,135,319,52,2023
69,Arizona St.,P12,34,22-12,106.5,95.2,0.7845,47.5,46.4,16.9,20.6,29.6,31.8,30.8,33.4,47.9,43.8,31.4,33.6,68.4,1.3,2023
,"   11 seed, ✅",,,11–9,135,29,69,307,22,80,57,150,314,204,236,271,6,312,145,131,40,2023
70,Oral Roberts,Sum,30,30-4,113.5,101.6,0.7832,56.1,48.5,13.2,17.6,24.5,27.4,24.6,22,56.6,46.6,37,34.2,70.5,2,2023
,"   12 seed, ✅",,,18–0,35,112,70,7,84,1,205,300,128,344,6,9,38,34,195,36,31,2023
71,Iona,MAAC,34,27-7,110,98.5,0.781,51.8,45.9,15.3,20.9,32,30.5,29,31.2,50.8,47,36,29.2,68.8,-1.5,2023
,"   13 seed, ✅",,,17–3,82,65,71,106,14,26,47,69,273,261,181,156,50,75,7,109,74,2023
72,College of Charleston,CAA,33,31-3,110.3,98.8,0.7801,51.5,47.9,16.7,19.3,35.1,25.5,32.7,24.7,52.9,49.1,33.3,30.3,71.2,1.8,2023
,"   12 seed, ✅",,,16–2,75,68,72,123,61,69,104,17,57,132,21,68,130,206,19,23,35,2023
73,Utah Valley,WAC,30,25-8,106.4,95.7,0.7711,51.6,44.1,19.5,16.8,29,29.4,36.8,29.8,52.6,42.5,33,31.6,69.8,0,2023
,,,,15–3,137,33,73,118,4,264,256,162,225,48,141,75,3,220,54,50,55,2023
74,Florida,SEC,32,16-16,106.7,96.1,0.7683,49.8,45.9,15.7,17.6,23.5,30.5,35.1,29.8,50.9,45.4,31.9,31.4,69.5,-2.7,2023
,,,,9–9,132,35,74,215,14,34,205,321,273,69,141,150,17,289,44,67,91,2023
75,Wisconsin,B10,31,17-14,105.6,95.2,0.7674,48.5,50.3,13.5,18.6,22.4,25.4,24.1,28,45.8,51.3,35,32.3,62.9,-0.6,2023
,,,,9–11,155,30,75,279,162,3,135,340,53,350,90,330,232,122,80,350,63,2023
RK,TEAM,CONF,G,REC,ADJOE,ADJDE,BARTHAG,EFG%,EFGD%,TOR,TORD,ORB,DRB,FTR,FTRD,2P%,2P%D,3P%,3P%D,ADJ T.,WAB,2023
76,BYU,WCC,32,19-15,108.8,98.1,0.7672,51.5,49.5,20.2,18.5,31.8,24.1,32.5,37.8,53.1,48.8,32.7,33.7,69.7,-4.1,2023
,,,,7–9,101,60,76,123,120,306,143,75,20,134,311,65,107,247,153,56,114,2023
77,Santa Clara,WCC,31,23-9,111.2,100.2,0.7665,52.5,50.8,17.1,16.5,30.2,24.5,30.9,25.8,50.5,48.6,37.4,36.2,70,0.6,2023
,,,,11–5,62,88,77,72,193,90,279,127,26,199,35,171,99,24,290,43,50,2023
78,Vanderbilt,SEC,34,20-14,115.7,104.4,0.7654,50.1,49.2,16,15,31,31.7,32.3,31.7,49.2,50.4,34.2,31.4,66.6,0.1,2023
,,,,11–7,21,170,78,205,107,42,339,99,311,143,198,228,184,167,44,218,54,2023
79,Kent St.,MAC,32,28-6,107.8,97.3,0.7648,51.3,47.2,16.3,22.6,30.9,30.2,32,38.8,52.2,47.8,33.2,30.9,68.1,1.1,2023
,"   13 seed, ✅",,,15–3,115,45,79,135,36,54,20,102,260,163,324,84,71,215,29,143,42,2023
80,Stanford,P12,33,14-19,114.6,103.8,0.7577,52.4,51.5,18.9,18.3,31.2,26.4,29.4,28.6,51.1,50.4,36.3,35.4,65.8,-6.2,2023
,,,,7–13,26,162,80,75,233,235,158,95,82,244,107,136,184,63,264,265,146,2023
81,Virginia Tech,ACC,33,19-14,113.8,103.3,0.7536,54.2,50.6,14.8,16.3,26.1,27.4,26.4,24.9,54.1,50.4,36.2,34.1,66.6,-3.4,2023
,,,,8–12,31,149,81,28,179,12,293,252,128,327,25,34,184,65,183,213,103,2023
82,Yale,Ivy,27,21-8,108.8,98.9,0.7507,53.3,46.9,16.5,18.3,28,23.1,31.1,33.3,53.1,45.5,35.8,32.7,66,-2.1,2023
,   (A) 110 Princeton (lost),,,10–4,99,69,82,46,29,64,158,199,11,192,233,65,19,84,93,255,81,2023
83,Hofstra,CAA,32,24-9,109.3,99.7,0.7416,55.2,46.2,15.7,18.5,23,31.3,21.4,25.2,55.2,46.1,36.8,30.9,67.4,-2.3,2023
,,,,16–2,94,81,83,15,19,34,143,329,303,361,27,18,30,41,29,174,84,2023
84,Wichita St.,Amer,32,17-15,108.7,99.2,0.7413,50.7,47.5,18.2,16.9,29.1,28.2,30.8,25.9,53.3,45.4,30.9,33.6,66.1,-5.1,2023
,,,,9–9,102,73,84,177,46,180,247,161,168,204,38,60,17,330,145,242,122,2023
85,Pittsburgh,ACC,33,22-11,113.9,104,0.7409,53.2,49.2,16.4,16.7,30.4,28.2,32.4,30.6,52.7,48.6,36,33.4,67.3,-0.5,2023
,"   11 seed, ✅",,,14–6,29,163,85,49,107,60,262,119,168,139,162,71,99,75,135,175,62,2023
86,Bradley,MVC,33,25-9,106.9,97.6,0.7407,52.9,46.6,17.9,19.4,29.2,24,27,31.6,52.7,45.6,35.5,32.2,65.2,-0.9,2023
,,,,16–4,130,51,86,60,24,152,99,159,18,318,192,71,20,99,76,290,65,2023
87,Toledo,MAC,33,27-7,120,109.6,0.7386,56.6,52.4,13.8,18.3,29.9,31,35.1,27.5,54.8,51.9,39.9,35.5,69.6,-0.9,2023
,,,,16–2,5,285,87,4,276,7,158,137,294,69,72,22,262,2,269,65,67,2023
88,Louisiana Lafayette,SB,30,26-7,112.5,102.9,0.736,53,50.6,17.5,18.1,33.8,26.4,37.7,33.8,52.2,49.2,36.6,35.9,68.5,-0.3,2023
,"   13 seed, ✅",,,13–5,46,141,88,55,179,122,170,27,82,36,245,84,139,48,282,122,59,2023
89,Wake Forest,ACC,33,19-14,112,102.5,0.7344,54.2,51.6,17.1,17.3,24.8,26.6,32.1,26.7,54,51,36.4,35,69.6,-3.3,2023
,,,,10–10,54,132,89,28,236,90,224,295,91,156,53,37,214,57,244,62,101,2023
90,St. John's,BE,33,18-15,107.7,98.6,0.7335,49.4,50.2,18.7,19.7,34,27.6,27.7,29.6,49.3,49.2,33.1,34.5,73.5,-2.9,2023
,,,,7–13,121,67,90,234,154,223,81,24,139,298,135,223,139,219,215,1,93,2023
91,Marshall,SB,31,24-8,110.1,101.1,0.7276,52.6,47.7,15.5,20.1,31.7,32.6,26.2,28,53.9,47.7,33.6,31.9,72.1,-2.5,2023
,,,,13–5,80,103,91,70,53,29,72,79,328,328,90,39,66,191,62,14,88,2023
92,South Alabama,SB,33,19-16,108.5,99.7,0.7254,52.8,46.6,14.6,16.1,20.9,28.4,22.3,28.3,53.4,47.9,34.5,29,65.6,-7.7,2023
,,,,9–9,105,83,92,64,24,10,299,349,180,360,99,54,75,149,6,274,168,2023
93,Indiana St.,MVC,33,22-12,110.4,101.5,0.7247,56.4,48.2,16.7,17.5,21.7,22.7,31.9,31.4,58.8,48.5,35.7,31.8,70.8,-6.4,2023
,,,,13–7,71,111,93,6,73,69,215,343,8,165,185,3,94,88,58,30,148,2023
94,UNLV,MWC,31,19-13,107.7,99.2,0.7192,49.2,52.4,17.5,24.7,27.9,31,35.5,31,47.9,50.9,34.1,36.1,69.6,-2.6,2023
,,,,7–11,119,74,94,245,276,122,4,203,294,64,175,271,210,171,288,66,90,2023
95,Furman,SC,31,27-7,113.8,105,0.7174,55.6,50.6,15.8,18.4,29.6,27.1,34.7,31.8,59.1,51.2,34.4,33.1,68.5,-1.9,2023
,"   13 seed, ✅",,,15–3,30,181,95,10,179,39,150,150,115,79,204,1,227,157,114,126,79,2023
96,UC Irvine,BW,32,23-11,107.2,99.3,0.7079,52.3,45.7,17.6,17.5,26.9,26.2,30.1,36.6,50,44.4,38,32.1,69.4,-4.1,2023
,,,,15–5,126,76,96,83,13,135,215,229,77,219,296,194,7,15,70,70,113,2023
97,San Jose St.,MWC,32,20-13,109.8,102.1,0.6963,50.4,48.7,18.8,13.2,34.4,24.3,27.4,28.9,51.2,46.8,32.8,34.7,62.6,-1.3,2023
,,,,10–8,86,121,97,192,89,230,361,21,24,307,112,132,43,237,226,351,72,2023
98,San Francisco,WCC,33,20-14,109.9,102.3,0.6945,53.6,49.9,19.6,17.6,28.5,26.5,32.2,38.1,52.6,49.4,36.4,33.8,68.8,-3.2,2023
,,,,7–9,84,124,98,40,142,275,205,183,84,146,315,75,149,57,160,107,99,2023
99,Vermont,AE,32,23-10,110.4,102.8,0.694,54.9,50.7,14.2,16.8,19.3,22.5,28.4,26.9,55.5,50,36.2,34.6,64.7,-3.7,2023
,"   15 seed, ✅",,,14–2,72,139,99,21,185,9,256,358,6,275,59,16,169,65,220,310,108,2023
100,Montana St.,BSky,32,25-9,105.6,98.4,0.6923,50.9,49.4,17.6,20.1,25.7,25.5,44.4,35.5,52.4,48,32,34.8,66.4,-2.6,2023
,"   14 seed, ✅",,,15–3,156,62,100,165,117,135,72,266,57,5,282,79,77,284,230,223,89,2023
RK,TEAM,CONF,G,REC,ADJOE,ADJDE,BARTHAG,EFG%,EFGD%,TOR,TORD,ORB,DRB,FTR,FTRD,2P%,2P%D,3P%,3P%D,ADJ T.,WAB,2023
101,Saint Louis,A10,32,21-12,111,103.5,0.6914,52.1,48.3,17.3,15.3,29.7,26.5,29.1,32.7,51.8,46.6,35.2,34,69.2,-3,2023
,,,,12–6,63,153,101,90,78,103,333,147,84,257,221,99,38,108,174,84,96,2023
102,Tulane,Amer,31,20-11,109.6,102.5,0.6837,52.4,50.4,15.1,19.3,19.3,30.5,35.4,29.6,53.4,48.2,33.8,35.7,73,-1.7,2023
,,,,12–6,91,131,102,75,168,18,104,358,273,68,135,54,84,180,275,3,75,2023
103,Nebraska,B10,32,16-16,106,99.3,0.6794,51.7,49.9,18.6,17.7,24.7,28.3,28.2,21.9,53.4,49,32.6,34.1,66.9,-2.2,2023
,,,,9–11,145,77,103,110,142,218,193,296,174,282,5,54,121,255,183,199,83,2023
104,Temple,Amer,32,16-16,107.8,101,0.6788,49.7,48.7,19.8,16.5,28.7,29,34.6,31.5,49.9,47.9,33,33.6,66.1,-5.3,2023
,,,,10–8,114,102,104,219,89,284,279,175,210,81,189,201,75,220,145,245,124,2023
105,Southern Miss,SB,29,25-7,107.2,100.4,0.6788,51.2,47.6,17.5,19.7,30.9,28.7,32.8,30.4,52.4,47.2,32.7,32.2,68.5,-0.5,2023
,,,,14–4,127,93,105,144,49,122,81,102,193,127,158,79,53,247,76,125,61,2023
106,Colorado St.,MWC,32,15-18,111.7,104.8,0.6752,54.8,52.2,16.7,17.9,19.6,27.1,29.8,29.6,55.8,51,35.5,35.8,66.3,-6,2023
,,,,6–12,57,179,106,22,271,69,181,355,115,230,135,14,214,99,278,227,141,2023
107,UNC Greensboro,SC,30,20-12,103.6,97.7,0.6629,50.6,47.8,17.8,19.3,29.2,26.5,32.4,31.4,49.3,46.8,35.1,32.8,65.9,-6,2023
,,,,14–4,193,53,107,181,56,145,104,159,84,139,185,223,43,111,98,261,140,2023
108,Akron,MAC,31,22-11,109.3,103.1,0.662,51.9,49.7,16.6,17.8,29.8,26.5,33.7,28,51.5,48.1,35,35,65.3,-4.5,2023
,,,,13–5,95,144,108,101,132,67,187,143,84,104,90,112,82,122,244,283,118,2023
109,Colgate,Pat,33,26-8,112.6,106.2,0.6609,58.6,51.9,14.9,17.6,24.9,24.1,27.6,20.3,57.1,51.5,40.9,34.9,67.8,-3.5,2023
,"   15 seed, ✅",,,17–1,45,205,109,1,257,16,205,289,20,300,3,7,239,1,234,157,106,2023
110,Princeton,Ivy,27,21-8,108.8,103,0.6529,52.5,48,16.9,14.5,28.4,22.8,32.2,29.3,53.5,47.2,34,33.1,67.5,-3.1,2023
,"   15 seed, ✅",,,10–4,98,143,110,72,68,80,349,187,9,146,122,51,53,174,114,168,97,2023
111,Washington,P12,32,16-16,104.5,99,0.6512,48.8,47.1,19.9,18.4,26.4,34.6,31.7,25.4,50,48.6,31.3,29.7,69.2,-3.7,2023
,,,,8–12,169,70,111,265,34,290,150,246,356,170,28,194,99,318,13,83,109,2023
112,Duquesne,A10,32,20-12,108.1,102.5,0.6485,51,50.2,17.2,20.9,33.4,33.2,26.6,35.1,48.6,48.8,36.5,35.3,68.1,-5.8,2023
,,,,10–8,111,128,112,161,154,98,47,36,341,325,273,248,107,50,258,141,132,2023
113,Cal St. Fullerton,BW,31,20-13,104.4,99,0.6481,49.4,48.6,17.4,20.5,25.9,29.4,38.7,33.4,46.5,49.2,36.2,31.7,64.8,-5.7,2023
,,,,12–6,172,71,113,234,85,116,58,255,225,29,236,315,139,65,56,307,130,2023
114,Mississippi,SEC,33,21-Dec,106.6,101.2,0.6452,47.5,49.5,18.3,18,33.3,29.9,29.2,30.3,48.6,48.9,30.3,33.8,66.1,-8.1,2023
,,,,3–15,133,106,114,307,120,192,173,38,243,252,155,248,114,344,160,246,176,2023
115,James Madison,SB,30,22-11,105.6,100.4,0.6419,51.5,49.4,18.6,21.4,31.3,27.6,38.9,31.8,51.4,50.7,34.5,31.5,70.5,-4.4,2023
,,,,12–6,154,92,115,123,117,218,32,91,139,25,204,119,203,149,48,35,116,2023
116,Kennesaw St.,ASun,31,26-8,106.4,101.4,0.6344,52.9,51.2,17.9,19.6,27.5,25.8,36.5,36.2,51.3,50.5,37.1,34.8,68.6,-1.2,2023
,"   14 seed, ✅",,,15–3,136,109,116,60,212,152,89,213,64,53,291,126,190,33,230,118,69,2023
117,Southern Utah,WAC,30,22-12,109.7,104.7,0.6324,51.7,52.5,18.6,18,28,25.4,41.3,32.9,51.5,51.2,34.7,36.6,71.7,-3.6,2023
,,,,12–6,88,176,117,110,283,218,173,199,53,12,226,112,227,140,316,18,107,2023
118,Grand Canyon,WAC,32,24-11,112,106.9,0.6306,52.9,47.2,18.4,15,30.5,30.3,37.8,33.2,50.5,46.8,37.6,32,65,-3.5,2023
,"   14 seed, ✅",,,10–7,55,224,118,60,36,204,339,112,264,35,232,171,43,21,67,299,105,2023
119,UC Santa Barbara,BW,32,27-7,111,106.1,0.6261,54.2,49.8,16.8,18.7,26.6,26.1,34.9,29.2,54.8,48.9,35.1,34.5,64.7,-1.1,2023
,"   14 seed, ✅",,,15–5,64,204,119,28,134,76,128,235,72,74,120,22,114,111,215,311,68,2023
120,Penn,Ivy,29,17-13,109.9,105.3,0.6192,53.3,49.3,18.9,14.9,30.1,27.9,29.5,31.2,52.7,49.1,36.2,33,66.9,-6.1,2023
,,,,9–5,85,192,120,46,112,235,341,132,153,240,181,71,130,65,108,195,142,2023
121,Charlotte,CUSA,32,18-14,107.1,102.8,0.6167,54.8,50.2,17.3,17.6,22.9,23.8,24.3,25.4,53.6,49,37.6,34.7,60.5,-6.8,2023
,,,,9–11,128,138,121,22,154,103,205,331,16,346,28,49,121,21,226,362,151,2023
122,UMass Lowell,AE,32,26-8,108,103.6,0.6157,53.5,47,20,19.7,35.7,27,33.8,33.9,52.2,44.9,37.7,34.2,68.7,-4.1,2023
,,,,11–5,112,157,122,42,31,298,81,11,111,99,246,84,12,20,195,114,111,2023
123,Loyola Marymount,WCC,30,19-12,108.5,104.1,0.615,53.1,51.8,18.3,16.2,30.2,24.6,31.6,34.9,51.9,52,36.5,34.3,67.3,-2.4,2023
,,,,9–7,106,165,123,52,248,192,297,127,31,172,267,94,267,50,203,178,87,2023
124,Belmont,MVC,31,21-11,110.8,106.4,0.6147,55.3,51.1,16.8,17.7,25.4,30,24.3,29.3,53.2,49.8,38.9,35.6,68.5,-4.6,2023
,,,,14–6,66,215,124,14,206,76,193,273,251,346,122,62,165,5,272,126,119,2023
125,Towson,CAA,33,21-12,108.2,104.4,0.6013,51.1,48.6,18.4,17.7,35.7,26.7,29.8,29.5,49,47.7,36.7,33.2,64.7,-5.8,2023
,,,,12–6,109,171,125,153,85,204,193,11,96,230,132,240,66,45,121,308,135,2023
RK,TEAM,CONF,G,REC,ADJOE,ADJDE,BARTHAG,EFG%,EFGD%,TOR,TORD,ORB,DRB,FTR,FTRD,2P%,2P%D,3P%,3P%D,ADJ T.,WAB,2023
126,Fresno St.,MWC,30,20-Nov,103.9,100.4,0.598,49.3,51.2,18.1,19.7,24.9,28.2,24.3,32.1,51.1,48.3,31.1,37.3,64.1,-9.5,2023
,,,,6–12,185,90,126,240,212,166,81,289,168,346,211,136,87,324,338,329,202,2023
127,Tarleton St.,WAC,29,17-16,104.1,100.6,0.5971,47.5,53.1,18.2,24,25.7,30,48,47.1,46.6,52,33.5,36.3,66.6,-7.5,2023
,,,,8–9,178,96,127,307,301,180,7,266,251,1,361,311,267,198,301,211,164,2023
128,Middle Tennessee,CUSA,31,19-14,105.8,102.4,0.5919,51.2,51.6,19.3,21.8,31.9,29.2,29.4,34.6,51,50.2,34.3,36.2,66.9,-5.6,2023
,,,,11–9,152,127,128,144,236,257,26,72,220,244,258,142,178,163,290,197,129,2023
129,Davidson,A10,31,16-16,107.4,104.1,0.5879,50.1,50.8,16.2,17.3,24.9,27.8,32.8,26.7,51.3,51.5,31.9,33,65.3,-8.2,2023
,,,,8–10,124,166,129,205,193,49,224,289,149,127,53,126,239,289,108,284,178,2023
130,Eastern Washington,BSky,31,22-10,110.7,107.5,0.5846,56.5,49.9,19.9,15.9,28.1,25.9,32.1,29.6,58.8,50.7,35.7,32.5,68.5,-3.9,2023
,,,,16–2,67,242,130,5,142,290,306,197,66,156,135,3,203,88,86,119,110,2023
131,Air Force,MWC,32,14-18,106.2,103.2,0.5813,54.2,49.3,19,17.1,22.3,28.6,31.2,35.2,54.8,51.9,35.6,29.3,63.1,-8.6,2023
,,,,5–13,140,147,131,28,112,241,236,341,186,186,275,22,262,94,9,345,187,2023
132,Butler,BE,32,14-18,100.4,97.7,0.5788,49.5,50.1,17.6,18.6,20,30.3,25.9,22.6,49.7,51,32.7,32.1,65.7,-4.7,2023
,,,,6–14,266,52,132,227,149,135,135,354,264,333,8,208,214,247,70,267,120,2023
133,Hawaii,BW,32,22-11,101.2,98.5,0.5778,48.6,44.5,18.6,16.4,29.6,26.5,33.6,27.2,48.2,44.5,32.8,29.5,64.6,-5.4,2023
,,,,13–7,244,64,133,273,5,218,289,150,84,107,67,263,8,237,12,313,126,2023
134,Syracuse,ACC,32,17-15,109.1,106.2,0.5769,51.6,51.2,17,18.7,30,33.6,30.7,21.7,50.5,50.9,36.1,34.4,67.3,-5.9,2023
,,,,10–10,96,205,134,118,212,88,128,136,346,210,4,171,210,70,211,176,136,2023
135,South Florida,Amer,32,14-18,106,103.4,0.572,50.8,49.8,19.6,18.7,33,27.8,30.7,37.1,51,48.2,33.6,34.9,68.3,-9,2023
,,,,7–11,144,151,135,172,134,275,128,46,149,210,304,142,84,191,234,132,191,2023
136,Stephen F. Austin,WAC,29,19-13,104.4,101.8,0.5718,51.5,51.4,21.3,23.8,31.6,32.2,38.9,41.8,49.2,51.7,38,34,69.2,-6.8,2023
,,,,11–7,171,116,136,123,226,337,8,85,321,25,345,228,247,15,174,81,152,2023
137,Ohio,MAC,32,19-14,109.9,107.4,0.5652,52.4,51.6,16.2,17.6,32.8,28.9,27.5,33.9,50.1,51.9,37.3,34.1,68.2,-7.4,2023
,,,,10–8,83,238,137,75,236,49,205,51,203,304,246,190,262,26,183,134,163,2023
138,Utah Tech,WAC,30,14-19,107.8,105.4,0.5648,53.2,53.8,21.4,20,28.7,26.8,44.8,35,50.9,53.3,37.6,36.5,68.7,-10.8,2023
,,,,5–13,113,197,138,49,319,340,75,175,103,4,271,150,314,21,311,111,234,2023
139,Samford,SC,28,21-11,108.3,106,0.5616,53.6,51.9,17.9,19.8,28.2,27,41,37.6,52.6,49,36.5,37,68,-5.9,2023
,,,,15–3,107,202,139,40,257,152,78,194,111,14,309,75,121,50,330,148,139,2023
140,Wyoming,MWC,30,22-Sep,107.6,105.3,0.5615,51.6,53.4,18.2,16.4,24.2,25.3,33.4,28.9,51.3,52.6,34.7,36.4,65.7,-10.9,2023
,,,,4–14,122,194,140,118,311,180,289,311,49,111,112,126,294,140,304,270,236,2023
141,Southern Illinois,MVC,32,23-10,100.5,98.4,0.5613,51.7,47.6,19.3,19.6,22.8,27.3,30.6,29.8,54.6,46.7,32.2,33,63.8,-3,2023
,,,,14–6,259,61,141,110,49,257,89,335,121,216,141,28,41,273,108,334,95,2023
142,Missouri St.,MVC,31,17-15,104.4,102.5,0.5525,50.1,49.3,19.1,18.6,33.2,26.9,27.2,30.4,50.9,49.5,32.8,32.6,62.1,-7.6,2023
,,,,12–8,174,130,142,205,112,244,135,44,107,313,158,150,155,237,91,357,167,2023
143,Notre Dame,ACC,32,21-Nov,108.7,106.8,0.551,52,52.1,13.4,13.6,19.6,26.5,23.3,26.5,50.6,52.4,35.8,34.3,64.8,-11.8,2023
,,,,3–17,103,223,143,92,268,2,360,355,84,356,49,167,286,84,203,306,253,2023
144,Eastern Kentucky,ASun,30,20-13,103.5,101.7,0.5497,47.6,49.5,17.2,18.4,33.3,30.1,24.8,25.7,47.8,48.5,31.5,34.1,70.2,-6.2,2023
,,,,12–6,199,114,144,302,120,98,150,38,255,343,34,275,94,307,183,40,145,2023
145,DePaul,BE,33,23-Oct,106.7,105,0.5469,49.7,51.6,18.2,17.7,25.8,34.1,27.6,35.7,46.3,51.1,36.8,35,68.8,-9,2023
,,,,3–17,131,183,145,219,236,180,193,261,351,300,285,321,221,41,244,106,190,2023
146,Long Beach St.,BW,31,17-16,105.4,103.8,0.5445,48.4,49.8,18.7,18.2,34.6,28,34.4,30,49.4,48.8,30.2,34.2,73.1,-8.5,2023
,,,,11–9,157,161,146,287,134,223,166,19,160,89,148,219,107,345,195,2,184,2023
147,Portland,WCC,31,14-19,110.2,108.5,0.5426,53.8,54.5,18,16.9,24.1,30.2,43.3,27.7,51.8,53.2,37.4,37.4,69.3,-8.9,2023
,,,,5–11,78,265,147,35,336,160,247,314,260,6,78,99,309,24,339,76,189,2023
148,LSU,SEC,33,14-19,106,104.5,0.5415,47.3,51.8,18.4,17.5,31.7,28.8,33.7,30.3,46.2,52.1,32.7,34.3,65.9,-6.8,2023
,,,,2–16,143,172,148,316,248,204,215,79,198,104,155,323,275,247,203,260,154,2023
149,Fordham,A10,33,25-8,102,100.6,0.5397,48.6,47,19.1,19.3,29.9,25.2,37.6,37.4,49.1,46.5,31.8,32,69.6,-1.8,2023
,,,,12–6,227,97,149,273,31,244,104,137,46,37,307,236,35,299,67,63,78,2023
150,Troy,SB,30,20-13,102.8,101.4,0.5386,49.4,48.6,18.7,21.1,30.3,30.1,32.5,34.6,51.2,48.4,31.2,32.7,67.8,-5.9,2023
,,,,11–7,211,109,150,234,85,223,40,123,255,134,258,132,90,320,93,154,137,2023
RK,TEAM,CONF,G,REC,ADJOE,ADJDE,BARTHAG,EFG%,EFGD%,TOR,TORD,ORB,DRB,FTR,FTRD,2P%,2P%D,3P%,3P%D,ADJ T.,WAB,2023
151,Appalachian St.,SB,29,16-16,101.7,100.4,0.5375,48.7,47.9,16.3,17.1,24.5,28.8,29.3,24.8,48.3,46.5,32.9,33.4,65.1,-9.9,2023
,,,,9–9,235,89,151,269,61,54,236,300,198,249,23,261,35,227,135,291,214,2023
152,Georgia Tech,ACC,31,15-18,104,102.8,0.5328,48.5,50.1,15.6,15.9,27.5,29.9,23.5,30.8,47.4,52,33.4,31,66.6,-8.3,2023
,,,,6–14,179,140,152,279,149,31,306,213,243,355,169,288,267,203,31,216,180,2023
153,Cal Baptist,WAC,31,17-16,103.2,102.1,0.5309,49,47.6,18.1,16,28.9,26.1,31.6,29.3,49.2,49,32.5,29.7,64.1,-9.6,2023
,,,,7–10,206,120,153,254,49,166,303,168,72,172,122,228,121,262,13,328,203,2023
154,Georgia,SEC,32,16-16,104,103,0.5278,47.1,49.8,19.3,16.8,30.5,30.5,40.5,28.9,46.8,51,31.7,31.9,67.7,-5.3,2023
,,,,6–12,182,142,154,320,134,257,256,112,273,16,112,306,214,303,62,160,125,2023
155,UC Riverside,BW,33,22-12,106.3,105.4,0.5234,50.5,51.3,18,17.2,31.8,22.9,26.2,38,48.8,51.5,35.6,34,66.9,-4.3,2023
,,,,14–6,138,198,155,184,220,160,231,75,10,328,314,244,239,94,174,196,115,2023
156,Northern Kentucky,Horz,32,22-12,103.1,102.3,0.5223,49.8,51.3,17.5,23.2,31.3,32.8,27.4,30.8,47.7,48.9,35.2,36.7,61.9,-6.5,2023
,"   16 seed, ✅",,,14–6,208,125,156,215,220,122,13,91,333,307,169,279,114,108,319,359,150,2023
157,Youngstown St.,Horz,31,24-9,110.6,109.8,0.5219,55.1,51.7,15.7,18,30.8,28.6,29.6,26.4,55.2,51.7,36.5,34.5,68.2,-5.2,2023
,,,,15–5,69,289,157,16,243,34,173,105,186,237,47,18,247,50,215,137,123,2023
158,SMU,Amer,32,22-Oct,103.5,102.7,0.5204,47.4,51.8,18,18.7,28.1,30.5,33,32.8,47.8,51.4,31.1,34.9,69.5,-10.1,2023
,,,,5–13,198,137,158,313,248,160,128,197,273,118,223,275,234,324,234,68,221,2023
159,Seattle,WAC,30,20-12,100.3,99.6,0.519,46.3,48.8,16.9,17.8,29.9,26.6,32.4,33.3,46.4,49,30.9,32.3,69,-4.7,2023
,,,,11–7,270,79,159,334,92,80,187,137,91,139,233,319,121,330,80,94,121,2023
160,Pacific,WCC,31,15-18,107.8,107.1,0.5175,52.6,54,16.2,17.9,22.9,31.2,33.1,36.4,49.6,55.1,38.3,34.9,69.8,-9.8,2023
,,,,7–9,116,231,160,70,324,49,181,331,301,116,293,211,346,13,234,52,210,2023
161,UC Davis,BW,30,18-14,103.8,103.3,0.5144,49.8,50.7,20.6,20.8,32.2,28.6,42.8,31.5,49.6,48.9,33.5,36.7,70.6,-8.1,2023
,,,,11–8,186,150,161,215,185,318,53,62,186,7,189,211,114,198,319,33,174,2023
162,Montana,BSky,30,17-14,108.1,107.6,0.5139,53.8,51.2,17.3,15.9,24.4,25.1,29.1,37.9,52.4,52.5,37.3,32.5,63.7,-7.6,2023
,,,,10–7,110,245,162,35,212,103,306,305,41,257,312,79,290,26,86,336,165,2023
163,George Mason,A10,33,20-13,101.1,100.7,0.5129,51.9,47.9,20.2,16.9,27.9,24.8,37.1,33,51.5,49.4,35,30.1,66.4,-5.8,2023
,,,,11–7,247,98,163,101,61,306,247,203,35,42,227,112,149,122,16,224,134,2023
164,UNC Wilmington,CAA,32,24-10,101.5,101.1,0.5113,48.9,49.2,18.6,20.7,27.8,28,39.7,37.6,48.3,51.2,33.3,30.5,65.3,-2.9,2023
,,,,12–6,238,104,164,262,107,218,54,207,160,19,309,261,227,206,22,285,92,2023
165,Longwood,BSth,30,20-12,103.7,103.3,0.5112,50.2,51.2,17.8,21.5,32.1,26.9,33.6,33.5,49.5,50.5,34.3,34.7,66,-7.6,2023
,,,,12–6,191,148,165,199,212,145,31,67,107,107,242,217,190,163,226,249,166,2023
166,Brown,Ivy,27,14-13,100.7,100.4,0.5087,50.7,51.2,19,19.7,23.4,23.7,29.8,26.9,49.8,50.4,34.7,35,69.4,-7.2,2023
,,,,7–7,256,91,166,177,212,241,81,324,15,230,59,205,184,140,244,72,159,2023
167,Cleveland St.,Horz,32,21-13,104.4,104.3,0.504,49.5,48.2,17.4,20.5,35.2,35,30,30.7,50.7,48.8,30.8,31.5,65.7,-8.1,2023
,,,,14–6,173,168,167,227,73,116,58,14,358,223,167,162,107,335,48,269,175,2023
168,Boston College,ACC,33,16-17,102.7,102.6,0.5038,48.7,51.5,18.3,18.3,27.6,28.3,27.3,27.6,49.2,49.1,31.9,36.8,66.6,-6.8,2023
,,,,9–11,214,133,168,269,233,192,158,210,174,311,74,228,130,289,322,215,153,2023
169,Cornell,Ivy,26,17-11,110.3,110.2,0.5032,54.8,55.7,16.7,21.9,28.8,29,28.5,30.9,57.5,56.6,34.5,36.2,71.2,-5.5,2023
,,,,7–7,74,293,169,22,355,69,24,172,210,272,173,6,358,149,290,24,127,2023
170,Ball St.,MAC,30,20-12,107.6,107.5,0.5026,53,51,17.8,16.7,30.5,28.4,42.3,31.3,51.7,47.7,36.9,38.4,67.3,-6.3,2023
,,,,11–7,123,243,170,55,203,145,262,112,180,8,184,107,66,36,351,177,147,2023
171,Richmond,A10,33,15-18,102.6,102.5,0.5024,51.2,49.6,17.1,17.1,21,25.4,33,26.2,52.4,49.7,33,32.9,65.4,-10.5,2023
,,,,7–11,218,129,171,144,126,90,236,347,53,118,43,79,162,220,102,281,230,2023
172,Chattanooga,SC,32,18-17,107.7,107.8,0.4975,54,50.9,17.5,15.3,27.3,26.7,32,30.2,51.8,50.6,37.3,34.2,68.2,-11,2023
,,,,7–11,118,249,172,33,200,122,333,220,96,163,152,99,196,26,195,135,238,2023
173,Lipscomb,ASun,30,20-13,103.6,103.7,0.4971,53.7,50.2,17.3,15.6,25,24.6,23.6,23.3,53.5,49.4,36,34.3,69.3,-7.2,2023
,,,,11–7,192,159,173,39,154,103,321,285,31,354,11,51,149,75,203,78,158,2023
174,Stetson,ASun,28,17-13,112.3,112.4,0.4958,54.1,53.3,15.8,14.5,28.7,28.3,25.5,29.5,51.1,52.7,38.6,36.2,64.5,-6.9,2023
,,,,12–6,50,331,174,32,307,39,349,175,174,337,132,136,301,8,290,317,155,2023
175,North Carolina Central,MEAC,26,18-12,100.3,100.5,0.493,50.9,48.9,22.6,21.6,32.3,29.6,34.2,35.5,50.1,49.9,35,31.3,67.8,-7.3,2023
,,,,10–4,271,95,175,165,96,353,29,60,236,93,282,190,167,122,41,156,162,2023
RK,TEAM,CONF,G,REC,ADJOE,ADJDE,BARTHAG,EFG%,EFGD%,TOR,TORD,ORB,DRB,FTR,FTRD,2P%,2P%D,3P%,3P%D,ADJ T.,WAB,2023
176,Saint Joseph's,A10,33,16-17,104.3,104.7,0.4886,50.2,50.5,18.2,18.9,28.9,30.7,34.2,32.8,50.9,50.1,32.9,34.1,69.3,-9.7,2023
,,,,8–10,175,177,176,199,174,180,125,168,286,93,223,150,175,227,183,80,207,2023
177,UNC Asheville,BSth,32,27-7,102.6,103.1,0.488,53.9,48,20,17.9,25.8,28.7,41.3,26.8,51.4,49.1,38.8,30.5,68.5,-1.7,2023
,"   15 seed, ✅",,,16–2,217,144,177,34,68,298,181,261,193,12,58,119,130,6,22,128,76,2023
178,Radford,BSth,31,19-14,104,104.5,0.4849,51.5,52.6,18.4,20.3,30.7,27.9,28.8,32.3,50.5,53.5,35.7,34,64.6,-8.4,2023
,,,,12–6,180,173,178,123,291,204,65,108,153,267,216,171,317,88,174,314,181,2023
179,Grambling St.,SWAC,31,24-9,99.5,100.1,0.4836,50,44.6,21.2,21,31.5,31.6,41.5,41.1,48.8,43.2,35.5,31.2,66.1,-4.5,2023
,,,,15–3,280,86,179,211,6,335,43,88,308,11,342,244,5,99,35,238,117,2023
180,UTEP,CUSA,30,14-18,99.5,100.2,0.4795,48.6,51.1,22.9,22.9,33.3,29.7,38.8,37.3,50.7,51.8,29.1,33.2,66.8,-10.4,2023
,,,,7–13,281,87,180,273,206,357,16,38,237,27,306,162,256,356,121,201,229,2023
181,Louisiana Tech,CUSA,30,15-18,104.6,105.5,0.475,50.9,54,19.9,21.3,30.1,28.1,28.4,38.5,50.3,51.1,34.5,38.5,66.6,-9.8,2023
,,,,7–13,165,199,181,165,324,290,36,132,165,275,317,187,221,149,352,210,208,2023
182,St. Bonaventure,A10,32,14-18,100.7,101.9,0.4677,49.2,48.6,18.8,19.4,27.5,29.2,29.5,40.9,47.5,52.1,34.8,28.7,65.7,-11.6,2023
,,,,8–10,254,119,182,245,85,230,99,213,220,240,340,284,275,134,4,271,249,2023
183,Quinnipiac,MAAC,31,20-12,103.9,105.1,0.4674,49.9,48.1,18.1,16.5,32.2,27.6,33,27.1,47.4,48.5,36.1,31.6,69.8,-7.3,2023
,,,,11–9,184,185,183,214,71,166,279,62,139,118,64,288,94,70,54,53,161,2023
184,Georgia Southern,SB,30,17-16,100.4,101.7,0.4645,48.2,49.5,16.3,18.3,25.8,27.3,27.9,34.6,48.4,49.4,31.8,33.2,66.6,-9.8,2023
,,,,9–9,263,113,184,291,120,54,158,261,121,292,258,255,149,299,121,214,209,2023
185,South Dakota St.,Sum,31,19-13,104,105.3,0.4641,51.7,50.9,17.1,17.3,21.5,26,28.1,23.1,51.2,51.7,35.1,33.2,66.8,-6.1,2023
,,,,13–5,181,189,185,110,200,90,224,345,70,288,10,132,247,111,121,205,144,2023
186,Texas A&M Corpus Chris,Slnd,29,23-10,106.1,107.5,0.4629,51.2,52.4,18,20.9,32.5,27.9,34.4,38.6,49,54.1,36.9,33.3,69.2,-5.9,2023
,"   16 seed, ✅",,,14–4,142,239,186,144,276,160,47,58,153,89,319,240,327,36,132,82,138,2023
187,Harvard,Ivy,26,14-14,99.6,100.9,0.4624,49.5,48.8,19.8,18.4,30.3,24.3,31.2,25,52.1,50,30,31.2,66.1,-8.4,2023
,,,,5–9,279,100,187,227,92,284,150,123,24,186,26,89,169,348,35,247,183,2023
188,Buffalo,MAC,30,15-17,103.7,105.2,0.4607,49.5,52.5,19.2,18.3,32.2,29.1,32.1,36.4,50.9,52.3,31.2,35.3,72.3,-9.2,2023
,,,,9–9,189,187,188,227,283,251,158,62,217,156,293,150,285,320,258,10,193,2023
189,Drexel,CAA,31,17-15,100.4,101.8,0.4599,49.4,47.4,17.9,18,29.4,27.4,30.1,24.2,50.6,46.2,31.8,33.5,63.5,-10.2,2023
,,,,10–8,267,115,189,234,44,152,173,154,128,219,17,167,32,299,143,341,224,2023
190,St. Thomas,Sum,31,19-14,106.6,108.2,0.4573,51.8,51.9,15.1,17.3,24,28.8,30.7,31,51.2,52.6,35.1,33.7,66.1,-8.4,2023
,,,,9–9,134,257,190,106,257,18,224,315,198,210,175,132,294,111,153,240,182,2023
191,East Carolina,Amer,33,16-17,102,103.5,0.4573,47.1,49.2,19.2,17.4,33,28.9,37.1,33.1,46.9,49.2,31.6,32.9,67.5,-7.7,2023
,,,,6–12,228,154,191,320,107,251,220,46,203,42,230,302,139,305,102,167,169,2023
192,Texas St.,SB,32,16-19,104.6,106.2,0.4556,48.2,50.9,17.9,18.6,31.6,28.5,32.5,41.7,48.6,49,31.4,36.4,63.6,-11.8,2023
,,,,6–12,164,207,192,291,200,152,135,85,183,134,344,248,121,312,304,337,254,2023
193,Western Kentucky,CUSA,31,17-16,103.5,105.2,0.4552,49.6,50.7,17.1,18,25.9,31,32.3,25.6,48.5,48,34.4,36.2,67.4,-8.2,2023
,,,,8–12,196,186,193,222,185,90,173,255,294,143,32,253,77,157,290,172,179,2023
194,Pepperdine,WCC,29,22-Sep,104.6,106.3,0.4523,52,52.5,18.3,16.6,25.9,30.5,26.8,32.6,51.6,51.6,35.1,36.2,72.2,-12.5,2023
,,,,2–14,166,212,194,92,283,192,272,255,273,322,219,111,242,111,290,11,262,2023
195,Abilene Christian,WAC,26,13-17,105.2,107,0.4506,49.2,56.5,17.3,23.3,25.5,28.6,32.3,45.6,48.1,56.2,34.3,38.1,69.2,-10,2023
,,,,5–11,159,226,195,245,359,103,12,269,186,143,358,265,355,163,348,86,218,2023
196,George Washington,A10,31,16-16,109.3,111.3,0.4498,53,52,17.6,15.5,26.5,29.7,34.5,27.7,56,51.7,32.1,34.9,68.9,-10.1,2023
,,,,10–8,93,313,196,55,265,135,326,241,237,84,78,12,247,276,234,97,219,2023
197,Wright St.,Horz,31,18-15,104,105.8,0.4498,53.5,50.3,17.3,17.2,26.2,26.6,24,27.6,53.9,51.2,35.1,32.6,71.3,-10.8,2023
,,,,10–10,183,201,197,42,162,103,231,250,91,352,74,39,227,111,91,22,235,2023
198,Old Dominion,SB,30,19-12,101.8,103.6,0.4496,46.4,48.3,17.1,17.7,32.8,29,36.2,34.7,46.1,48.8,31.5,31.7,65,-5.7,2023
,,,,11–7,233,156,198,332,78,90,193,51,210,57,264,325,107,307,56,301,131,2023
199,Navy,Pat,30,18-13,101.6,103.6,0.4439,51.5,50.4,17.3,19.5,29.9,28,23.7,30,49.3,49.8,36.9,34.2,64.5,-8.5,2023
,,,,11–7,236,155,199,123,168,103,95,137,160,353,148,223,165,36,195,318,185,2023
200,Weber St.,BSky,31,18-15,99.3,101.3,0.443,50.8,52.8,19.2,19.3,21,22.4,33.7,31.7,51.8,51.1,32.8,36.8,65.1,-8.2,2023
,,,,12–6,284,107,200,172,295,251,104,347,3,104,198,99,221,237,322,296,177,2023
RK,TEAM,CONF,G,REC,ADJOE,ADJDE,BARTHAG,EFG%,EFGD%,TOR,TORD,ORB,DRB,FTR,FTRD,2P%,2P%D,3P%,3P%D,ADJ T.,WAB,2023
201,Gardner Webb,BSth,29,15-16,98.8,101.2,0.4315,50.7,49.1,19.5,20.3,28.5,25.1,34.8,39.6,51.5,47.4,32.8,34.7,66.2,-11.2,2023
,,,,10–8,290,105,201,177,102,264,65,183,41,76,335,112,59,237,226,233,240,2023
202,Morehead St.,OVC,28,21-11,101,103.7,0.4245,49.5,49.8,18.9,15.8,27.3,24.6,35.9,28.3,47.1,50.1,35.6,32.7,63.6,-6.5,2023
,,,,14–4,250,160,202,227,134,235,313,220,31,59,99,299,175,94,93,339,149,2023
203,Florida Gulf Coast,ASun,31,17-15,103.7,106.5,0.4233,51.2,50.7,17.1,17.3,26.6,28.8,28.2,28.1,50.1,51.1,35.1,33.4,66.3,-8.5,2023
,,,,7–11,190,219,203,144,185,90,224,235,198,282,94,190,221,111,135,228,186,2023
204,FIU,CUSA,30,14-18,102.8,105.7,0.4224,52.1,52.1,20.6,22.8,25.5,36.7,28.7,30.6,53.8,50.4,32.8,36.5,70,-10.9,2023
,,,,8–12,210,200,204,90,268,318,17,269,361,269,162,42,184,237,311,42,237,2023
205,Queens,ASun,30,18-15,106.3,109.3,0.4209,51.2,53,17.6,15.7,29.7,26.1,35.9,25.4,50.5,53,34.8,35.3,69.9,-9.3,2023
,,,,7–11,139,278,205,144,299,135,317,147,72,59,28,171,304,134,258,48,196,2023
206,Georgetown,BE,32,25-Jul,103.5,106.5,0.4194,47.1,53.6,17.5,15.9,28.9,30,29.1,24.5,47.5,50.5,30.9,38.9,68.8,-12.7,2023
,,,,2–18,195,218,206,320,315,122,306,168,251,257,20,284,190,330,357,99,270,2023
207,Florida St.,ACC,32,23-Sep,104.2,107.3,0.4161,49.3,53.1,17.6,17.1,25.9,31.5,30.4,30.9,49.2,50.8,33,37.6,68.8,-12.1,2023
,,,,7–13,176,236,207,240,301,135,236,255,307,217,173,228,205,220,343,100,258,2023
208,Northern Iowa,MVC,31,14-18,103.2,106.4,0.4146,51.3,53.8,17.7,18.2,22.6,22.4,31.1,26.5,51.7,53.6,33.7,36,67.4,-11.3,2023
,,,,9–11,204,214,208,135,319,144,166,337,3,192,49,107,319,188,285,169,244,2023
209,San Diego,WCC,29,20-Nov,109.6,113,0.4133,51.1,58.2,16,17.3,27.9,29.7,30.9,33.4,50.4,55.9,34.8,41,68.7,-11.8,2023
,,,,4–12,90,334,209,153,363,42,224,203,237,199,236,180,351,134,363,113,252,2023
210,La Salle,A10,34,15-19,103.8,107,0.413,48.5,51,18.1,17.9,30.5,30.5,28.3,31.6,46.9,50.6,34.2,34.5,67.8,-11.4,2023
,,,,7–11,187,227,210,279,203,166,181,112,273,279,192,302,196,167,215,155,247,2023
211,Minnesota,B10,31,22-Sep,102.1,105.3,0.4125,49,50.5,19.6,14.8,25,30.8,30.8,24.8,49.2,49.1,32.5,35.9,65.7,-9.8,2023
,,,,2–17,225,188,211,254,174,275,344,285,289,204,23,228,130,262,282,268,211,2023
212,New Mexico St.,WAC,21,15-Sep,103.6,106.9,0.4087,50.2,53.7,18.3,19.1,27,26.5,34.7,37,48.8,52.5,35.1,36.8,69.2,-8.7,2023
,,,,2–10,194,225,212,199,318,192,116,227,84,79,300,244,290,111,322,87,188,2023
213,Howard,MEAC,31,22-12,103.2,106.6,0.4087,52,50.6,22.8,20.7,33.8,31.6,32.8,34.6,49.9,50.8,37.2,33.6,69,-7.2,2023
,"   16 seed, ✅",,,11–3,205,220,213,92,179,356,54,27,308,127,258,201,205,30,145,95,157,2023
214,South Carolina,SEC,32,21-Nov,103.2,106.6,0.4058,46.9,52.6,19.9,15.9,32.7,32.5,26.8,29.4,45.8,53.7,32.3,33.8,64.3,-9.4,2023
,,,,4–14,207,221,214,326,291,290,306,54,326,322,127,330,320,269,160,322,198,2023
215,Norfolk St.,MEAC,29,22-11,105.9,109.5,0.4045,52.2,50.2,19.8,19,33.4,30.6,39.5,36.3,53.8,48.3,32.7,34.9,65.3,-5.8,2023
,,,,9–5,150,281,215,86,154,284,121,36,282,21,292,42,87,247,234,282,133,2023
216,Massachusetts,A10,31,15-16,100.2,103.7,0.4031,46.4,50.2,20.2,19.2,34.5,27.9,32.2,32.4,45.2,50.5,32.8,33.1,70.7,-9.2,2023
,,,,6–12,272,158,216,332,154,306,111,20,153,146,217,339,190,237,114,31,194,2023
217,Northern Arizona,BSky,33,23-Dec,107,110.8,0.401,50.5,55.3,15.9,17.2,26.9,25.7,27.4,38.7,48.6,55.7,35.7,36.5,66.8,-15.1,2023
,,,,5–13,129,302,217,184,350,41,231,229,62,307,321,248,350,88,311,202,305,2023
218,Bryant,AE,28,17-13,103.4,107.1,0.3992,52,50,18.7,15.8,29,25.2,32.9,31.9,53.4,49.3,33.3,34.1,72.1,-7.8,2023
,,,,8–8,201,233,218,92,146,223,313,162,46,123,209,54,144,206,183,13,173,2023
219,Rider,MAAC,29,16-14,105,108.9,0.3974,49.5,50.3,17.8,16.5,33.8,28.3,29.3,38.6,49.4,47.5,33.3,36.2,65.1,-9.3,2023
,,,,13–7,160,270,219,227,162,145,279,27,174,249,319,219,63,206,290,292,195,2023
220,Siena,MAAC,32,17-15,100.6,104.3,0.397,49.3,49.6,19.5,18.5,30.5,26.8,34.5,33,47.8,49.4,34.9,33.5,66.9,-10.4,2023
,,,,11–9,258,169,220,240,126,264,143,112,103,84,227,275,149,128,143,200,228,2023
221,Murray St.,MVC,31,17-15,105.6,109.6,0.3969,49,51.9,16.2,15.6,27.4,27.3,33.2,24.4,49.1,53.2,32.6,33.4,66.7,-7.7,2023
,,,,11–9,153,282,221,254,257,49,321,216,121,115,18,236,309,255,135,208,170,2023
222,Oregon St.,P12,31,21-Nov,98.7,102.4,0.3955,46.5,49.6,20.8,18.2,25.3,30.6,33.9,33.9,45.7,49.1,31.9,33.7,63.6,-9.3,2023
,,,,5–15,294,126,222,330,126,323,166,277,282,97,246,333,130,289,153,340,197,2023
223,Detroit,Horz,32,14-19,109.7,113.9,0.3939,51.4,53.6,17.6,17.1,35.8,29.7,27.2,28.9,46.4,52.6,38.7,36.8,67.2,-12.9,2023
,,,,9–11,89,342,223,132,315,135,236,10,237,313,112,319,294,7,322,183,273,2023
224,North Dakota St.,Sum,31,16-17,103.5,107.5,0.3924,51.7,50.8,16.9,12.4,24.4,22.6,32.2,27.1,52.2,50.6,33.9,34.2,68.1,-10.1,2023
,,,,11–7,197,241,224,110,193,80,363,305,7,146,64,84,196,177,195,139,222,2023
225,Mercer,SC,31,14-19,98.7,102.7,0.3899,48.9,48.8,18.2,17.4,30.4,27.6,28.6,35.9,48.8,48.4,32.7,33,64.5,-13.8,2023
,,,,6–12,292,135,225,262,92,180,220,119,139,271,288,244,90,247,108,316,290,2023
RK,TEAM,CONF,G,REC,ADJOE,ADJDE,BARTHAG,EFG%,EFGD%,TOR,TORD,ORB,DRB,FTR,FTRD,2P%,2P%D,3P%,3P%D,ADJ T.,WAB,2023
226,Northwestern St.,Slnd,32,22-11,104.7,109,0.3862,51.3,51,17.3,21,33.3,33.6,27.2,38.7,49.8,51.8,35.8,32.9,66.6,-5.6,2023
,,,,13–5,163,272,226,135,203,103,43,38,346,313,321,205,256,84,102,219,128,2023
227,Campbell,BSth,32,16-18,104.8,109.2,0.3823,52.7,52.5,18.1,18.4,24.4,27.8,38,32.1,54.7,53.2,32.9,34.4,64.3,-13.1,2023
,,,,8–10,162,276,227,65,283,166,150,305,149,32,211,26,309,227,211,323,276,2023
228,North Florida,ASun,29,14-17,108.8,113.8,0.3755,53.3,52.4,17.3,14,26.2,32.9,28.4,23.5,52.1,52.1,36.4,35.5,68.1,-10,2023
,,,,9–9,100,341,228,46,276,103,357,250,337,275,13,89,275,57,269,144,216,2023
229,Rice,CUSA,30,18-15,106,110.9,0.3737,53.4,54.6,18.5,15.9,23.2,26.2,32.8,26,53.7,54,35.3,37.1,69.9,-7.3,2023
,,,,8–12,146,306,229,45,337,211,306,326,77,127,40,48,326,105,333,47,160,2023
230,Jacksonville,ASun,26,13-16,100.4,105,0.3733,50.6,49.8,19.1,14.3,23.9,25.7,22.8,27,51,51.4,33.3,32.1,61,-10.2,2023
,,,,6–12,268,182,230,181,134,244,355,317,62,359,63,142,234,206,70,361,223,2023
231,Loyola Chicago,A10,31,21-Oct,102.3,107,0.3731,52.9,51.6,22.1,17.9,24.5,28.5,31.1,37.5,54.8,51.7,33.4,34.4,66.1,-13.6,2023
,,,,4–14,221,228,231,60,236,350,181,300,183,192,308,22,247,203,211,239,288,2023
232,UC San Diego,BW,28,20-Oct,103.5,108.3,0.3726,49.6,51.8,17.9,16.5,23.2,29.3,26.1,27.9,49.6,49.7,33,37.1,66,-13.9,2023
,,,,5–13,200,260,232,222,248,152,279,326,223,330,88,211,162,220,333,250,291,2023
233,UT Arlington,WAC,29,21-Nov,100,104.7,0.3719,45.9,51.9,21.1,20.1,32.7,30.8,29.7,39.5,44.9,49.6,31.9,37.1,65.9,-13.2,2023
,,,,6–12,274,175,233,339,257,329,72,54,289,234,334,342,157,289,333,259,281,2023
234,Northern Colorado,BSky,31,20-Dec,106,111,0.3698,52.4,53.1,17.5,14,24.3,27,31.4,31.7,51,54.5,36.4,33.4,69.6,-12.6,2023
,,,,6–12,147,309,234,75,301,122,357,309,111,179,198,142,335,57,135,61,264,2023
235,Jacksonville St.,ASun,28,13-18,101.6,106.4,0.3683,50.5,52.5,20.2,16.5,29.4,24.1,31.8,29.5,47.9,52.7,36,34.9,65.5,-11.4,2023
,,,,6–12,237,217,235,184,283,306,279,154,20,169,132,271,301,75,234,280,246,2023
236,Portland St.,BSky,29,19-Dec,102.8,107.9,0.3637,49.6,55,16.8,21.3,24,31.4,34.8,46.6,49.7,55,33,36.8,72.4,-12.6,2023
,,,,6–11,212,251,236,222,346,76,36,315,305,76,359,208,343,220,322,8,266,2023
237,Delaware,CAA,32,17-16,102.1,107.2,0.3621,49.6,51.8,16.5,18.6,25,29.8,33,29.4,50.5,50.1,32,36.6,67.1,-9.7,2023
,,,,8–10,226,235,237,222,248,64,135,285,241,118,127,171,175,284,316,186,206,2023
238,Army,Pat,31,17-16,102.8,108.2,0.3566,53.8,51.4,19.1,15.6,25.4,24.2,31.3,28.5,54.7,52.4,34.9,33.1,68.6,-12.5,2023
,,,,10–8,213,256,238,35,226,244,321,273,23,184,103,26,286,128,114,117,263,2023
239,Milwaukee,Horz,29,21-11,102.1,107.5,0.3548,51.8,48.2,21.5,17.7,32.7,32.8,31.9,29.4,51.4,49,35,31.4,71.8,-6.1,2023
,,,,14–6,224,244,239,106,73,343,193,54,333,165,127,119,121,122,44,17,143,2023
240,Wofford,SC,30,17-16,108.2,114.1,0.3522,52.4,54.8,16.3,16.6,28.6,28.7,30,26.4,55.1,56.1,32.1,35.3,65.1,-9.7,2023
,,,,8–10,108,343,240,75,341,54,272,181,193,223,47,20,352,276,258,295,205,2023
241,Northern Illinois,MAC,30,13-19,100.6,106.3,0.3475,52.2,50.7,20.3,18.6,25,32.8,34.3,35.8,52.1,51.7,34.9,32.7,69,-12.1,2023
,,,,9–9,257,211,241,86,185,312,135,285,333,91,286,89,247,128,93,92,257,2023
242,Rhode Island,A10,31,22-Sep,97.6,103.1,0.347,44.2,49.1,20.4,17.2,31.6,29.5,37,31.7,43.6,49.6,30.4,32.1,67.2,-15.7,2023
,,,,5–13,311,146,242,357,102,314,231,85,231,44,198,352,157,342,70,181,321,2023
243,Robert Morris,Horz,31,16-17,98.1,104.1,0.3361,49.2,49.6,19.5,19.1,29.7,28.5,26.9,31.1,50.4,47.4,31.4,36.2,66.2,-12,2023
,,,,10–10,304,164,243,245,126,264,116,147,183,320,179,180,59,312,290,231,256,2023
244,Idaho St.,BSky,30,21-Nov,101.9,108.1,0.3349,50.8,51.4,17.2,17.8,24.6,27.2,28.9,35.5,51.3,52.6,33.3,32.5,65.2,-15.3,2023
,,,,8–10,230,254,244,172,226,98,187,298,118,263,282,126,294,206,86,287,313,2023
245,Fort Wayne,Horz,30,17-15,100,106.3,0.3331,50.5,51.9,18.9,17.7,27.1,26.1,28.7,23,50.8,55.2,33.5,31.2,69,-10,2023
,,,,9–11,273,210,245,184,257,235,193,225,72,269,9,156,347,198,35,91,217,2023
246,Western Carolina,SC,30,18-15,101.7,108.1,0.332,49,51.1,15.7,15.7,25.8,25.5,34.5,34,48.1,51.7,33.6,33.1,67.6,-9.5,2023
,,,,10–8,234,252,246,254,206,34,317,261,57,84,250,265,247,191,114,166,201,2023
247,Winthrop,BSth,30,15-17,107.7,114.6,0.3275,55.1,54.8,20.6,17.4,25.9,34.2,41.6,31,53.8,55.5,37.9,35.8,66.9,-11.2,2023
,,,,10–8,120,348,247,16,341,318,220,255,352,10,175,42,349,17,278,193,239,2023
248,North Alabama,ASun,29,18-14,104.5,111.3,0.3265,51.3,52.4,15.6,15.2,23.2,28.1,30.9,32,49.9,50,36.1,37.7,68.5,-7.8,2023
,,,,10–8,167,314,248,135,276,31,335,326,165,199,210,201,169,70,344,123,172,2023
249,East Tennessee St.,SC,30,20-Dec,100.5,107.1,0.3253,50.5,50.8,19.5,17.5,29.9,28.9,31.2,26.9,51.8,51.8,32.1,32.9,66,-15.1,2023
,,,,8–10,260,232,249,184,193,264,215,137,203,186,59,99,256,276,102,256,307,2023
250,Canisius,MAAC,29,20-Oct,101.5,108.2,0.3249,48.6,52.8,17.5,18.7,28.4,29.9,24.9,27.7,47.4,52,33.6,36.4,67.7,-14.9,2023
,,,,8–12,239,255,250,273,295,122,128,187,243,342,78,288,267,191,304,162,303,2023
RK,TEAM,CONF,G,REC,ADJOE,ADJDE,BARTHAG,EFG%,EFGD%,TOR,TORD,ORB,DRB,FTR,FTRD,2P%,2P%D,3P%,3P%D,ADJ T.,WAB,2023
251,UMBC,AE,31,18-14,104.5,111.4,0.3239,51.3,52.9,14.8,16.9,26.4,26.8,27,25.6,51.8,50.6,33.8,37.7,67.7,-9.5,2023
,,,,8–8,168,316,251,135,298,12,247,246,103,318,32,99,196,180,344,158,200,2023
252,USC Upstate,BSth,29,16-15,98.7,105.3,0.3223,51.1,50,19.5,20.5,24.5,32.7,32.2,43.8,51.5,49.3,33.6,34.2,67.9,-9.7,2023
,,,,10–8,293,189,252,153,146,264,58,300,330,146,356,112,144,191,195,153,204,2023
253,Bellarmine,ASun,30,15-18,102.2,109.2,0.3167,51.7,54.7,18.2,17.7,20.6,28.1,25.4,31.8,53.9,55,32.6,36.3,62.1,-10.1,2023
,,,,9–9,223,277,253,110,338,180,193,352,165,339,204,39,343,255,301,358,220,2023
254,Alcorn St.,SWAC,31,18-13,101,108.3,0.311,45.5,51.4,18.3,21.1,33.5,31.3,35.1,39.1,46,52.5,29.6,33.2,67.3,-6.9,2023
,,,,15–3,249,261,254,346,226,192,40,34,303,69,330,327,290,352,121,180,156,2023
255,UT Rio Grande Valley,WAC,28,15-17,102.7,110.1,0.3105,51.2,52,22.2,16.9,29,29.5,45.9,38.9,51.7,51.9,33.5,34.8,72.6,-10.2,2023
,,,,5–12,215,291,255,144,265,351,247,162,231,2,326,107,262,198,230,5,225,2023
256,Sacramento St.,BSky,30,14-18,101.8,109.2,0.3094,50.8,52.2,20.8,14.5,32.9,24,27.5,25.8,50,51.6,34.9,35.7,62.3,-11.5,2023
,,,,7–11,231,274,256,172,271,323,349,49,18,304,35,194,242,128,275,354,248,2023
257,Niagara,MAAC,30,16-15,100.9,108.2,0.3091,50.3,49.8,18.5,16.9,26.5,28.6,30,33.5,50.1,48,33.8,36,63,-10,2023
,,,,10–10,253,259,257,195,134,211,247,241,186,223,242,190,77,180,285,348,215,2023
258,SIU Edwardsville,OVC,30,19-14,99.2,106.4,0.3083,48.5,49,18.5,19.2,30.6,29.4,40.3,34.6,48.5,48.1,32.3,33.6,69.2,-10.3,2023
,,,,9–9,286,216,258,279,100,211,111,111,225,18,258,253,82,269,145,85,226,2023
259,Southeastern Louisiana,Slnd,29,18-14,103.1,110.8,0.3023,50.9,54.2,16.9,19.8,27.6,29.9,32.1,33.4,49.1,52.1,36.4,38.2,68.8,-9.1,2023
,,,,12–6,209,304,259,165,330,80,78,210,243,156,236,236,275,57,350,102,192,2023
260,Dartmouth,Ivy,26,18-Oct,99.8,107.3,0.3016,50,51.3,20.2,16.5,23.5,26.2,29.1,31.7,50.8,51.6,32.6,34,68.7,-12.9,2023
,,,,6–8,276,237,260,211,220,306,279,321,77,257,198,156,242,255,174,112,274,2023
261,Mount St. Mary's,MAAC,32,13-20,97.7,105.1,0.3011,48.6,48.9,20.8,17.9,27.8,29.9,26,29.2,45.8,48,36,33.7,65.8,-14.3,2023
,,,,8–12,310,184,261,273,96,323,181,207,243,332,120,330,77,75,153,264,295,2023
262,Louisiana Monroe,SB,29,21-Nov,97.7,105.4,0.2947,45.2,51.7,18.7,17.6,27.3,29.9,30,28.6,41.6,50.3,34.2,36,66.1,-13.5,2023
,,,,7–11,309,196,262,349,243,223,205,220,243,223,107,361,182,167,285,237,285,2023
263,Southeast Missouri St.,OVC,33,19-16,100.4,108.4,0.2931,50,51.6,17.3,19,25.3,27.9,38.3,43.6,50,50.8,33.3,35.3,72.2,-11.4,2023
,"   16 seed, ✅",,,10–8,269,262,263,211,236,103,121,277,153,31,354,194,205,206,258,12,245,2023
264,California,P12,32,29-Mar,96.5,104.3,0.2904,43.7,51.6,20.1,16,25.3,30.4,31.5,32.6,43.2,52.5,29.8,33.4,63.4,-16.6,2023
,,,,2–18,325,167,264,361,236,304,303,277,270,175,219,355,290,350,135,342,336,2023
265,North Dakota,Sum,31,13-20,103.4,111.8,0.2898,51,53.5,16.7,15.5,25.7,27.4,27.3,28,50.6,53,34.4,36.4,67,-14.1,2023
,,,,6–12,202,321,265,161,314,69,326,266,128,311,90,167,304,157,304,191,293,2023
266,Fairfield,MAAC,30,13-18,98.3,106.2,0.2892,46,49.3,18.2,17.8,28.6,29.5,37.9,28.1,47.8,51.7,28.6,29.3,65,-13,2023
,,,,9–11,300,208,266,337,112,180,187,181,231,34,94,275,247,361,9,300,275,2023
267,Miami OH,MAC,29,20-Dec,102.7,111.2,0.2854,52,53.8,19.6,17.8,26.6,32.6,32.1,37.1,53.8,54.1,32.9,35.4,66.8,-14.2,2023
,,,,6–12,216,312,267,92,319,275,187,235,328,156,304,42,327,227,264,204,294,2023
268,Lafayette,Pat,34,23-Nov,94.7,102.7,0.284,48.7,50.8,17.9,18.2,23.8,25.3,24.5,29.4,48.4,50.6,32.7,34.1,63,-16.6,2023
,,,,7–11,341,134,268,269,193,152,166,318,49,345,127,255,196,247,183,349,334,2023
269,Nicholls St.,Slnd,27,16-15,99,107.5,0.2804,50.3,52.5,18.5,23.7,29.3,33.7,27.6,47.6,50.5,51.4,33.3,36.2,70.6,-9.4,2023
,,,,11–7,289,240,269,195,283,211,10,156,349,300,362,171,234,206,290,34,199,2023
270,Bowling Green,MAC,29,20-Nov,103.3,112.1,0.2796,50.5,54.1,17.5,16.3,29.8,28,32.5,33.6,50.4,53.8,33.8,36.4,69.6,-15.1,2023
,,,,5–13,203,326,270,184,327,122,293,143,160,134,244,180,321,180,304,60,306,2023
271,Prairie View A&M,SWAC,30,13-19,93.8,101.9,0.2791,44.8,48.2,19.6,21.2,31.7,28.7,33,41.8,44,47.3,30.9,33.3,67.6,-13.6,2023
,,,,9–9,345,117,271,355,73,275,39,79,193,118,345,348,58,330,132,163,287,2023
272,UTSA,CUSA,30,22-Oct,101.8,110.6,0.2785,47.4,52.5,19.5,15.4,28.5,31.2,37.4,30.6,45.3,51.9,33.8,35.6,69.1,-14.4,2023
,,,,4–16,232,300,272,313,283,264,330,183,301,38,162,338,262,180,272,89,299,2023
273,Maryland Eastern Shore,MEAC,27,18-13,92.9,100.9,0.2784,47.6,50.6,21.1,24.9,27.1,31.7,31.4,34.4,46.8,51.4,32.6,32.9,69.4,-7.7,2023
,,,,9–5,351,101,273,302,179,329,3,225,311,179,256,306,234,255,102,69,171,2023
274,Louisville,ACC,32,28-Apr,101.3,110.2,0.276,48,54.1,22.3,15.2,28.2,30.1,32.9,30.6,47.3,54.9,32.9,35.2,66.6,-17,2023
,,,,2–18,243,292,274,294,327,352,335,194,255,123,162,294,342,227,253,217,339,2023
275,Denver,Sum,30,15-17,100.4,109.3,0.2739,52.3,51.7,21.4,15.6,29.8,27.4,39.4,27.7,53.4,52.2,32.9,33.9,68.6,-12.7,2023
,,,,6–12,265,279,275,83,243,340,321,143,128,24,78,54,283,227,169,116,272,2023
RK,TEAM,CONF,G,REC,ADJOE,ADJDE,BARTHAG,EFG%,EFGD%,TOR,TORD,ORB,DRB,FTR,FTRD,2P%,2P%D,3P%,3P%D,ADJ T.,WAB,2023
276,Tennessee St.,OVC,28,18-14,100.7,109.6,0.2737,50.9,49.9,17.3,18.5,26.9,28.2,35.1,42.4,49.6,49.5,35.1,33.8,70.5,-11.3,2023
,,,,10–8,255,287,276,165,142,103,143,229,168,69,349,211,155,111,160,37,243,2023
277,Oakland,Horz,31,13-19,102.5,111.7,0.2715,49.2,54.8,15.1,18.7,24.2,32.7,31.6,22.5,51.3,53.9,30.6,37.5,68.5,-12.7,2023
,,,,11–9,220,320,277,245,341,18,128,311,330,172,7,126,323,338,342,121,268,2023
278,Marist,MAAC,33,13-20,97.6,106.3,0.2714,47.9,47.9,18.1,16.8,25.9,28.9,28.9,28.4,46.9,45.1,32.8,35,65.6,-15.8,2023
,,,,6–14,312,213,278,296,61,166,256,255,203,263,101,302,14,237,244,276,323,2023
279,Tennessee Martin,OVC,29,19-14,101.2,110.3,0.2702,50.4,49.6,16.8,16.8,27,29,36.1,34,51.9,50.5,31.9,32.3,71.1,-10.6,2023
,,,,10–8,246,296,279,192,126,76,256,227,210,58,250,94,190,289,80,25,231,2023
280,Tennessee Tech,OVC,30,16-17,101.1,110.2,0.27,51.4,51.7,17.8,18,23.8,30.2,29.9,25.8,48.1,52.1,37.3,34,66.4,-12.6,2023
,,,,11–7,248,294,280,132,243,145,173,318,260,229,35,265,275,26,174,225,265,2023
281,Southern Indiana,OVC,29,16-16,102.6,112,0.2669,50.5,51.8,18.3,16.7,32.6,25,33.4,40.3,47.2,51,36.6,35.2,69.4,-12.4,2023
,,,,9–9,219,323,281,184,248,192,262,57,38,111,339,298,214,48,253,74,261,2023
282,Texas Southern,SWAC,32,14-20,96.4,105.3,0.2661,46.2,49.3,20.3,18.5,29.3,27.7,34.9,38.1,47.4,48.7,28.7,33.6,69.4,-13.3,2023
,"   16 seed, ✅",,,7–11,327,191,282,336,112,312,143,156,148,74,315,288,104,360,145,73,282,2023
283,Illinois Chicago,MVC,31,20-Dec,98.5,107.6,0.2656,48.7,51.2,18.3,19.6,22.7,30.3,34.1,33,47.9,51.1,33.2,34.3,69,-13.8,2023
,,,,4–16,296,248,283,269,212,192,89,336,264,96,227,271,221,215,203,90,289,2023
284,New Hampshire,AE,28,15-15,97.1,106.1,0.264,45.8,49.1,15,16.2,26,27.4,29.6,30.2,42.8,50,33.4,31.5,64.1,-10.6,2023
,,,,9–7,319,203,284,341,102,17,297,253,128,237,152,358,169,203,48,327,232,2023
285,Valparaiso,MVC,31,21-Nov,97.9,107.1,0.2629,49,51.5,18.1,15.6,22.5,24.5,27.9,31.8,51.9,51.6,29.2,34.3,68,-14.5,2023
,,,,5–15,305,230,285,254,233,166,321,339,26,292,204,94,242,354,203,150,301,2023
286,Lehigh,Pat,28,16-14,97.4,106.7,0.2592,49.8,50.3,17.4,16.6,18.8,26.7,31.1,28.5,48.4,50.9,35,32.8,69.6,-9.9,2023
,,,,11–7,316,222,286,215,162,116,272,361,96,192,103,255,210,122,98,64,213,2023
287,Arkansas St.,SB,30,13-20,99.4,109.2,0.2547,47.6,50.3,18.1,16.6,28.8,28,35.1,34.8,45.5,48,34.6,36.4,63.2,-14.3,2023
,,,,4–14,282,275,287,302,162,166,272,172,160,69,265,335,77,146,304,344,296,2023
288,Maine,AE,28,13-17,98.2,107.9,0.2544,51.1,53.4,18.7,20.3,22.9,30,23,28.7,51.5,54.4,33.5,34.6,65.8,-11.7,2023
,,,,7–9,303,250,288,153,311,223,65,331,251,358,110,112,333,198,220,266,250,2023
289,Merrimack,NEC,32,18-16,90.7,99.6,0.254,48.3,49.1,20.7,26,20.5,35.6,34.6,26.9,48.2,48.9,32.3,33,66.2,-11.7,2023
,,,,12–4,360,78,289,289,102,321,1,353,359,81,59,263,114,269,108,230,251,2023
290,Illinois St.,MVC,32,21-Nov,99.7,109.6,0.2537,50.2,51.8,21.8,16.7,28.2,26.7,31.3,34,50,52.6,33.6,33.7,65.1,-15.5,2023
,,,,6–14,277,283,290,199,248,346,262,194,96,184,250,194,294,191,153,298,318,2023
291,American,Pat,32,17-15,100.5,110.4,0.2535,54.4,51.8,22,19.2,28.3,27.9,27.9,32.1,55.8,48.7,34.6,38.5,62.5,-11.3,2023
,,,,7–11,261,299,291,25,248,347,111,190,153,292,211,14,104,146,352,353,242,2023
292,Coastal Carolina,SB,28,20-Nov,103.8,114.5,0.245,47.5,53.1,17.8,15.5,30.3,30.7,28.9,29.3,48.4,51.3,30.6,36.7,68.1,-14.5,2023
,,,,5–13,187,345,292,307,301,145,326,123,286,263,122,255,232,338,319,147,302,2023
293,Southern,SWAC,30,15-17,95.5,105.3,0.2442,48.5,51.4,20.5,23,24.4,28.6,34.5,42.9,48,51.6,32.8,34,71,-11.3,2023
,,,,11–7,334,193,293,279,226,317,15,305,186,84,350,270,242,237,174,27,241,2023
294,Tulsa,Amer,30,25-May,99.3,109.6,0.244,47.9,53.6,19.1,17,24.9,33,26.7,27.8,48.6,57.9,31.3,31.3,68.1,-15.4,2023
,,,,1–17,283,284,294,296,315,244,245,289,339,324,84,248,361,318,41,142,314,2023
295,Bucknell,Pat,31,20-Dec,98.8,109.1,0.2416,51.3,51.2,20.2,15.4,25.4,25,26.9,27.7,51.1,49.4,34.5,36.4,66.8,-16,2023
,,,,5–13,291,273,295,135,212,306,330,273,38,320,78,136,149,149,304,206,327,2023
296,Georgia St.,SB,28,21-Oct,97.4,107.6,0.241,45.6,50.7,19.5,17.5,30.1,29.5,33.5,35.4,46.5,48.6,29,36.5,67,-15.4,2023
,,,,3–15,318,247,296,344,185,264,215,132,231,109,280,315,99,357,311,192,315,2023
297,Cal St. Bakersfield,BW,31,22-Nov,94.9,104.9,0.2401,44.6,51.1,19.8,20.5,27.2,28.4,29.4,43.6,43.7,50.2,31.5,34.9,63,-15.5,2023
,,,,6–14,338,180,297,356,206,284,58,224,180,244,354,351,178,307,234,347,316,2023
298,Cal Poly,BW,31,25-Aug,93.6,103.5,0.2397,45.8,50.4,20.9,18.6,24.5,24.5,31,42.3,46.7,49.3,29.3,34.9,64,-18.1,2023
,,,,1–18,346,152,298,341,168,327,135,300,26,197,348,310,144,353,234,331,347,2023
299,South Dakota,Sum,29,19-Dec,102.3,113.2,0.237,50.1,52.7,17.3,14.4,24.9,27.1,28.1,31.8,45.5,51.8,37.9,36.1,66,-13.5,2023
,,,,7–11,222,338,299,205,293,103,353,289,115,288,204,335,256,17,288,253,283,2023
300,Charleston Southern,BSth,29,21-Oct,104.5,115.7,0.2362,50.3,54.3,18.1,16.7,32.2,31,27.4,36.6,49.7,54.3,34.1,36.2,65.6,-16,2023
,,,,5–13,170,353,300,195,331,166,262,62,294,307,296,208,331,171,290,273,325,2023
RK,TEAM,CONF,G,REC,ADJOE,ADJDE,BARTHAG,EFG%,EFGD%,TOR,TORD,ORB,DRB,FTR,FTRD,2P%,2P%D,3P%,3P%D,ADJ T.,WAB,2023
301,Western Illinois,Sum,27,16-14,101,111.9,0.2355,50.1,53.4,15.1,16.4,26.9,26.7,31.4,27.4,51.8,54.6,31.5,33.9,66.7,-9.9,2023
,,,,9–9,252,322,301,205,311,18,289,229,96,179,69,99,337,307,169,209,212,2023
302,Boston University,Pat,31,15-17,96.5,107.2,0.231,47,50.5,17.8,18.3,28.7,24.6,29,36.5,45.9,50.3,32.4,33.8,65.5,-12.4,2023
,,,,8–10,324,234,302,325,174,145,158,175,31,261,295,329,182,266,160,279,260,2023
303,Chicago St.,ind,27,20-Nov,101.9,113.2,0.2306,48.8,53.3,21.3,16.7,33.5,33.2,31.9,35.9,48.4,53.1,32.9,35.7,64.9,-12.7,2023
,,,,2–0,229,337,303,265,307,337,262,34,341,165,288,255,307,227,275,303,269,2023
304,Binghamton,AE,29,13-18,98.5,109.6,0.226,49.5,50.5,19.4,15.1,28.7,27.3,28.2,35.4,50,50.8,32.4,33.2,66,-13.1,2023
,,,,8–8,297,286,304,227,174,262,338,175,121,282,280,194,205,266,121,251,277,2023
305,High Point,BSth,29,14-17,99.8,111.1,0.2259,50.2,50.7,19.6,16.3,30.8,32,38.7,35.3,51.4,52,32.3,32.5,71.5,-12.7,2023
,,,,6–12,275,310,305,199,185,275,293,105,318,29,278,119,267,269,86,21,271,2023
306,Northeastern,CAA,30,20-Oct,97.6,108.7,0.224,47.9,50.1,21.3,14.5,31.7,26.9,27.7,31.7,46.8,49.2,33.2,34.9,66.9,-14.4,2023
,,,,6–12,313,266,306,296,149,337,349,79,107,298,198,306,139,215,234,194,298,2023
307,Idaho,BSky,30,22-Oct,101.4,113.1,0.2215,52,54.3,17.2,16.1,19.6,27.8,35.8,31.6,54.2,52.6,32,38.7,65.9,-17.4,2023
,,,,4–14,241,335,307,92,331,98,299,355,149,63,192,33,294,284,355,257,341,2023
308,Jackson St.,SWAC,33,14-19,98.5,110,0.2203,47.5,52.5,22,19.1,32.9,29.1,32.9,34,47.1,52.1,32.1,35.4,68.2,-12,2023
,,,,12–6,295,290,308,307,283,347,116,49,217,123,250,299,275,276,264,136,255,2023
309,Alabama A&M,SWAC,30,15-18,96.2,107.6,0.2164,48.6,49.4,21.4,21.4,29.5,33.9,35.9,41.8,46.9,48.5,34.7,33.8,68.5,-14,2023
,,,,10–8,329,246,309,273,117,340,32,153,350,59,345,302,94,140,160,124,292,2023
310,Fairleigh Dickinson,NEC,32,19-15,105.9,118.6,0.2147,51.5,55.8,16.3,21.4,31.4,28.9,27.9,34.8,51.4,56.1,34.4,36.9,68.8,-12.2,2023
,"   16 seed, ✅",,,10–6,149,362,310,123,356,54,32,90,203,292,265,119,352,157,329,105,259,2023
311,Saint Peter's,MAAC,31,14-18,96.3,108.2,0.2082,43.9,49.5,19.5,19.7,36.4,30.6,28.4,51.4,44.1,48.4,29,34.3,63.1,-13.2,2023
,,,,7–13,328,258,311,359,120,264,81,7,282,275,363,347,90,357,203,346,280,2023
